"permohonan_id","status","tanggal_permohonan","nik","nama_pemohon","tanggal_lahir","jenis_kelamin","agama","status_perkawinan","pekerjaan","lingkungan","nama_surat"
"2","Selesai","2023-05-17 03:19:17","7173011111890002","JOKO NUGROHO","1989-11-10","pria","ISLAM","single","PNS","lingkungan2","Surat Keterangan Domisili"
"14","Ditolak","2025-04-27 07:46:24","7173011109820002","AGUS NUGROHO","1982-09-11","pria","ISLAM","janda","BURUH/TANI","lingkungan3","Surat Keterangan Domisili"
"17","Ditolak","2023-09-18 13:08:56","7173011911850002","SLAMET SANTOSO","1985-11-19","pria","ISLAM","janda","PEDAGANG","lingkungan1","Surat Keterangan Domisili"
"33","Selesai","2025-01-05 19:57:53","7173011504820001","DEDI GUNAWAN","1982-04-15","pria","ISLAM","janda","TNI/POLRI","lingkungan3","Surat Keterangan Domisili"
"35","Selesai","2025-01-29 23:42:39","7173012512970001","DEDI GUNAWAN","1997-12-25","pria","BUDHA","janda","SWASTA","lingkungan2","Surat Keterangan Domisili"
"47","Selesai","2024-05-27 06:08:01","7173015307640002","LINA WAHYUDI","1964-07-13","wanita","ISLAM","single","TNI/POLRI","lingkungan2","Surat Keterangan Domisili"
"62","Selesai","2025-01-25 05:50:43","7173012102830001","AGUS PRASETYO","1983-02-21","pria","ISLAM","single","BURUH/TANI","lingkungan1","Surat Keterangan Domisili"
"63","Selesai","2024-10-24 15:57:30","7173015609890002","ANI SANTOSO","1989-09-16","wanita","ISLAM","single","PEDAGANG","lingkungan3","Surat Keterangan Domisili"
"76","Selesai","2023-01-01 23:41:03","7173014404040002","LINA SANTOSO","2004-04-04","wanita","ISLAM","cerai","PEDAGANG","lingkungan2","Surat Keterangan Domisili"
"80","Selesai","2024-11-29 03:02:28","7173015010780001","FITRI HARTONO","1978-10-10","wanita","ISLAM","cerai","BURUH/TANI","lingkungan2","Surat Keterangan Domisili"
"86","Selesai","2023-08-06 10:35:25","7173016806990001","FITRI WIJAYA","1999-06-28","wanita","ISLAM","cerai","SWASTA","lingkungan3","Surat Keterangan Domisili"
"91","Selesai","2023-03-09 01:31:19","7173010101870001","RUDI PRASETYO","1986-12-31","pria","ISLAM","single","PNS","lingkungan1","Surat Keterangan Domisili"
"122","Selesai","2024-03-23 02:30:58","7173011908600001","HERI KUSUMO","1960-08-19","pria","HINDU","cerai","LAINNYA","lingkungan2","Surat Keterangan Domisili"
"132","Ditolak","2024-12-18 17:27:02","7173010508700001","AGUS HARTONO","1970-08-05","pria","ISLAM","menikah","SWASTA","lingkungan2","Surat Keterangan Domisili"
"164","Ditolak","2024-03-28 14:19:34","7173016106700002","INDAH WIJAYA","1970-06-20","wanita","ISLAM","janda","LAINNYA","lingkungan1","Surat Keterangan Domisili"
"166","Selesai","2023-05-20 03:10:57","7173014404040002","LINA SANTOSO","2004-04-04","wanita","ISLAM","cerai","PEDAGANG","lingkungan2","Surat Keterangan Domisili"
"175","Selesai","2024-11-10 05:31:57","7173012706850001","JOKO SUSANTO","1985-06-26","pria","ISLAM","janda","MHS/PELAJAR","lingkungan3","Surat Keterangan Domisili"
"198","Selesai","2025-05-21 02:42:04","7173016010660002","DEWI PRASETYO","1966-10-20","wanita","ISLAM","cerai","TNI/POLRI","lingkungan2","Surat Keterangan Domisili"
"212","Selesai","2024-09-02 18:49:13","7173014706830002","ANI NUGROHO","1983-06-06","wanita","ISLAM","janda","BURUH/TANI","lingkungan1","Surat Keterangan Domisili"
"213","Selesai","2024-04-12 07:29:57","7173012209780001","SLAMET SUSANTO","1978-09-22","pria","ISLAM","cerai","PEDAGANG","lingkungan1","Surat Keterangan Domisili"
"227","Selesai","2024-05-22 02:06:43","7173010401890001","DEDI GUNAWAN","1989-01-04","pria","ISLAM","single","BURUH/TANI","lingkungan3","Surat Keterangan Domisili"
"233","Ditolak","2023-09-30 03:57:16","7173010702960001","ADI HARTONO","1996-02-06","pria","ISLAM","menikah","BURUH/TANI","lingkungan3","Surat Keterangan Domisili"
"235","Selesai","2023-04-21 12:12:19","7173014805910001","WATI SANTOSO","1991-05-08","wanita","ISLAM","menikah","LAINNYA","lingkungan2","Surat Keterangan Domisili"
"265","Ditolak","2024-01-02 23:56:49","7173010610620001","JOKO SETIAWAN","1962-10-06","pria","BUDHA","janda","BURUH/TANI","lingkungan2","Surat Keterangan Domisili"
"282","Selesai","2025-04-04 16:39:09","7173017009870002","INDAH SANTOSO","1987-09-29","wanita","ISLAM","cerai","LAINNYA","lingkungan2","Surat Keterangan Domisili"
"301","Selesai","2023-11-15 08:48:20","7173016208770001","SITI HARTONO","1977-08-22","wanita","ISLAM","janda","PNS","lingkungan1","Surat Keterangan Domisili"
"306","Ditolak","2024-12-03 21:23:43","7173014903010002","LINA WAHYUDI","2001-03-09","wanita","ISLAM","cerai","TNI/POLRI","lingkungan2","Surat Keterangan Domisili"
"313","Selesai","2023-02-25 04:50:37","7173016205720002","YUNI SUSANTO","1972-05-21","wanita","ISLAM","janda","LAINNYA","lingkungan3","Surat Keterangan Domisili"
"314","Selesai","2025-03-08 17:45:41","7173015305620001","MAYA PRASETYO","1962-05-13","wanita","ISLAM","cerai","PEDAGANG","lingkungan3","Surat Keterangan Domisili"
"315","Selesai","2024-10-22 20:54:57","7173016409620001","DEWI GUNAWAN","1962-09-24","wanita","ISLAM","menikah","PNS","lingkungan3","Surat Keterangan Domisili"
"318","Ditolak","2025-06-23 14:38:54","7173015808700001","ANI SUSANTO","1970-08-17","wanita","ISLAM","menikah","BURUH/TANI","lingkungan1","Surat Keterangan Domisili"
"319","Selesai","2024-12-06 10:15:30","7173014509990001","RINA SETIAWAN","1999-09-04","wanita","ISLAM","single","MHS/PELAJAR","lingkungan1","Surat Keterangan Domisili"
"341","Ditolak","2025-04-17 15:54:32","7173014107720002","LINA PRASETYO","1972-07-01","wanita","ISLAM","janda","BURUH/TANI","lingkungan3","Surat Keterangan Domisili"
"344","Selesai","2023-02-11 07:01:50","7173011302770002","YANTO PRASETYO","1977-02-12","pria","ISLAM","janda","SWASTA","lingkungan2","Surat Keterangan Domisili"
"348","Selesai","2023-12-31 04:18:15","7173014506730002","YUNI NUGROHO","1973-06-05","wanita","ISLAM","single","BURUH/TANI","lingkungan3","Surat Keterangan Domisili"
"352","Selesai","2023-04-02 14:53:55","7173011411860002","YANTO NUGROHO","1986-11-13","pria","ISLAM","cerai","MHS/PELAJAR","lingkungan1","Surat Keterangan Domisili"
"353","Ditolak","2024-01-27 01:04:25","7173014810620002","DEWI SETIAWAN","1962-10-07","wanita","ISLAM","cerai","PEDAGANG","lingkungan2","Surat Keterangan Domisili"
"365","Selesai","2024-03-08 18:01:38","7173016808810001","FITRI SANTOSO","1981-08-27","wanita","ISLAM","cerai","PNS","lingkungan1","Surat Keterangan Domisili"
"369","Selesai","2024-09-22 16:45:32","7173015209880002","LINA SETIAWAN","1988-09-12","wanita","ISLAM","janda","MHS/PELAJAR","lingkungan3","Surat Keterangan Domisili"
"375","Selesai","2023-05-04 04:52:49","7173010901750002","AGUS NUGROHO","1975-01-08","pria","ISLAM","menikah","MHS/PELAJAR","lingkungan2","Surat Keterangan Domisili"
"377","Ditolak","2023-03-31 09:15:20","7173011804820001","RUDI SETIAWAN","1982-04-18","pria","ISLAM","single","BURUH/TANI","lingkungan3","Surat Keterangan Domisili"
"380","Selesai","2025-06-20 09:21:16","7173013011680001","YANTO GUNAWAN","1968-11-29","pria","ISLAM","single","PNS","lingkungan1","Surat Keterangan Domisili"
"381","Ditolak","2025-04-30 20:50:48","7173011009840001","DEDI GUNAWAN","1984-09-10","pria","ISLAM","janda","LAINNYA","lingkungan1","Surat Keterangan Domisili"
"389","Selesai","2024-03-13 14:25:48","7173014501980002","RINA SETIAWAN","1998-01-05","wanita","ISLAM","single","BURUH/TANI","lingkungan1","Surat Keterangan Domisili"
"396","Selesai","2025-03-19 21:31:52","7173010512710001","EKO GUNAWAN","1971-12-05","pria","ISLAM","janda","PNS","lingkungan3","Surat Keterangan Domisili"
"403","Ditolak","2024-09-30 06:38:13","7173015511900001","ANI PRASETYO","1990-11-15","wanita","ISLAM","single","PEDAGANG","lingkungan2","Surat Keterangan Domisili"
"418","Selesai","2023-03-14 21:41:16","7173012210640002","AGUS SETIAWAN","1964-10-22","pria","ISLAM","menikah","LAINNYA","lingkungan1","Surat Keterangan Domisili"
"419","Selesai","2024-07-09 21:16:19","7173015604620001","WATI SANTOSO","1962-04-15","wanita","ISLAM","janda","BURUH/TANI","lingkungan3","Surat Keterangan Domisili"
"423","Selesai","2024-01-03 04:56:10","7173010402940002","RAHMAT KUSUMO","1994-02-03","pria","ISLAM","menikah","PNS","lingkungan1","Surat Keterangan Domisili"
"428","Selesai","2024-09-04 16:47:26","7173010901750002","AGUS NUGROHO","1975-01-08","pria","ISLAM","menikah","MHS/PELAJAR","lingkungan2","Surat Keterangan Domisili"
"432","Selesai","2023-06-03 09:57:48","7173010203860001","BUDI SANTOSO","1986-03-02","pria","ISLAM","menikah","SWASTA","lingkungan1","Surat Keterangan Domisili"
"441","Selesai","2024-12-20 05:04:24","7173010906950002","JOKO SUSANTO","1995-06-09","pria","ISLAM","janda","LAINNYA","lingkungan3","Surat Keterangan Domisili"
"446","Ditolak","2024-09-03 15:19:44","7173015503930002","MAYA SANTOSO","1993-03-15","wanita","ISLAM","janda","MHS/PELAJAR","lingkungan1","Surat Keterangan Domisili"
"482","Ditolak","2024-02-28 05:08:49","7173015212610001","LINA WIJAYA","1961-12-12","wanita","ISLAM","single","TNI/POLRI","lingkungan1","Surat Keterangan Domisili"
"487","Selesai","2025-06-07 23:46:29","7173011412650001","RUDI HARTONO","1965-12-14","pria","ISLAM","cerai","MHS/PELAJAR","lingkungan3","Surat Keterangan Domisili"
"488","Selesai","2024-03-30 16:18:24","7173010509030001","RUDI SANTOSO","2003-09-05","pria","ISLAM","menikah","TNI/POLRI","lingkungan3","Surat Keterangan Domisili"
"501","Menunggu","2025-07-24 19:29:47","7405082809040001","AZRIAL FAHRI FARHAN","2025-07-24","pria","ISLAM","single","MHS/PELAJAR","lingkungan1","Surat Keterangan Domisili"
"503","Ditolak","2025-07-29 11:00:47","7405082809040001","AZRIAL FAHRI FARHAN","2025-07-24","pria","ISLAM","single","MHS/PELAJAR","lingkungan1","Surat Keterangan Domisili"
"504","Diproses","2025-07-29 13:54:48","7405082809040001","AZRIAL FAHRI FARHAN","2025-07-24","pria","ISLAM","single","MHS/PELAJAR","lingkungan1","Surat Keterangan Domisili"
"505","Ditolak","2025-07-29 13:56:36","7405082809040001","AZRIAL FAHRI FARHAN","2025-07-24","pria","ISLAM","single","MHS/PELAJAR","lingkungan1","Surat Keterangan Domisili"
"506","Menunggu","2025-08-05 21:47:06","7405082809040001","AZRIAL FAHRI FARHAN","2025-07-24","pria","ISLAM","single","MHS/PELAJAR","lingkungan1","Surat Keterangan Domisili"
"8","Selesai","2024-09-27 03:46:44","7173015709960001","DEWI HARTONO","1996-09-17","wanita","ISLAM","menikah","LAINNYA","lingkungan1","Surat Keterangan Usaha"
"12","Selesai","2023-02-21 02:22:12","7173014810620002","DEWI SETIAWAN","1962-10-07","wanita","ISLAM","cerai","PEDAGANG","lingkungan2","Surat Keterangan Usaha"
"20","Ditolak","2024-05-17 18:37:11","7173015806600002","LINA SETIAWAN","1960-06-18","wanita","ISLAM","single","MHS/PELAJAR","lingkungan3","Surat Keterangan Usaha"
"36","Ditolak","2025-04-19 15:11:52","7173010808800001","BUDI SANTOSO","1980-08-08","pria","ISLAM","menikah","TNI/POLRI","lingkungan1","Surat Keterangan Usaha"
"54","Selesai","2023-04-26 05:10:10","7173011207990001","ADI SUSANTO","1999-07-12","pria","ISLAM","janda","MHS/PELAJAR","lingkungan1","Surat Keterangan Usaha"
"58","Selesai","2024-12-27 02:37:14","7173013010900001","YANTO PRASETYO","1990-10-29","pria","ISLAM","menikah","PEDAGANG","lingkungan2","Surat Keterangan Usaha"
"64","Ditolak","2024-07-17 14:36:43","7173015609890002","ANI SANTOSO","1989-09-16","wanita","ISLAM","single","PEDAGANG","lingkungan3","Surat Keterangan Usaha"
"73","Ditolak","2024-01-12 02:20:49","7173012612720001","RUDI SETIAWAN","1972-12-25","pria","ISLAM","janda","BURUH/TANI","lingkungan1","Surat Keterangan Usaha"
"88","Selesai","2023-10-13 18:45:54","7173012602760002","SLAMET HARTONO","1976-02-26","pria","ISLAM","single","TNI/POLRI","lingkungan1","Surat Keterangan Usaha"
"97","Selesai","2024-07-22 19:48:16","7173015511900001","ANI PRASETYO","1990-11-15","wanita","ISLAM","single","PEDAGANG","lingkungan2","Surat Keterangan Usaha"
"98","Selesai","2023-06-20 01:05:38","7173016411670001","SRI HARTONO","1967-11-24","wanita","ISLAM","menikah","SWASTA","lingkungan1","Surat Keterangan Usaha"
"100","Selesai","2024-08-27 06:40:35","7173012102830001","AGUS PRASETYO","1983-02-21","pria","ISLAM","single","BURUH/TANI","lingkungan1","Surat Keterangan Usaha"
"102","Selesai","2025-06-13 09:21:11","7173010103810002","RUDI WAHYUDI","1981-03-01","pria","ISLAM","cerai","LAINNYA","lingkungan3","Surat Keterangan Usaha"
"110","Ditolak","2024-07-30 20:25:50","7173016409840002","LINA NUGROHO","1984-09-24","wanita","ISLAM","janda","SWASTA","lingkungan3","Surat Keterangan Usaha"
"129","Ditolak","2024-03-14 10:17:23","7173015010780001","FITRI HARTONO","1978-10-10","wanita","ISLAM","cerai","BURUH/TANI","lingkungan2","Surat Keterangan Usaha"
"134","Selesai","2025-04-15 09:42:12","7173015212610001","LINA WIJAYA","1961-12-12","wanita","ISLAM","single","TNI/POLRI","lingkungan1","Surat Keterangan Usaha"
"150","Ditolak","2025-03-09 17:12:38","7173016106700002","INDAH WIJAYA","1970-06-20","wanita","ISLAM","janda","LAINNYA","lingkungan1","Surat Keterangan Usaha"
"155","Selesai","2023-04-02 03:24:58","7173011402050002","RUDI SUSANTO","2005-02-13","pria","ISLAM","single","PNS","lingkungan2","Surat Keterangan Usaha"
"157","Ditolak","2025-02-23 01:45:36","7173013112700001","BUDI PRASETYO","1970-12-31","pria","ISLAM","menikah","MHS/PELAJAR","lingkungan2","Surat Keterangan Usaha"
"165","Selesai","2024-12-11 00:43:38","7173016901990001","DEWI WAHYUDI","1999-01-28","wanita","ISLAM","janda","MHS/PELAJAR","lingkungan2","Surat Keterangan Usaha"
"183","Ditolak","2024-12-05 03:54:41","7173016109920002","YUNI SUSANTO","1992-09-21","wanita","ISLAM","menikah","BURUH/TANI","lingkungan3","Surat Keterangan Usaha"
"199","Ditolak","2025-01-30 01:34:13","7173012202840001","HERI SUSANTO","1984-02-22","pria","ISLAM","cerai","SWASTA","lingkungan2","Surat Keterangan Usaha"
"203","Selesai","2025-07-07 12:06:33","7173016307890002","MAYA WIJAYA","1989-07-23","wanita","ISLAM","menikah","TNI/POLRI","lingkungan1","Surat Keterangan Usaha"
"206","Selesai","2025-06-11 09:10:15","7173016903040002","MAYA NUGROHO","2004-03-28","wanita","ISLAM","menikah","SWASTA","lingkungan3","Surat Keterangan Usaha"
"207","Ditolak","2025-07-03 03:31:25","7173012005800001","HERI HARTONO","1980-05-19","pria","ISLAM","menikah","MHS/PELAJAR","lingkungan3","Surat Keterangan Usaha"
"219","Selesai","2025-05-12 02:14:07","7173015710010002","YUNI SUSANTO","2001-10-17","wanita","ISLAM","janda","TNI/POLRI","lingkungan2","Surat Keterangan Usaha"
"221","Ditolak","2024-05-30 16:28:53","7173015209880002","LINA SETIAWAN","1988-09-12","wanita","ISLAM","janda","MHS/PELAJAR","lingkungan3","Surat Keterangan Usaha"
"228","Ditolak","2025-07-04 00:00:31","7173016411670001","SRI HARTONO","1967-11-24","wanita","ISLAM","menikah","SWASTA","lingkungan1","Surat Keterangan Usaha"
"231","Selesai","2023-01-07 19:59:05","7173010704980001","JOKO HARTONO","1998-04-07","pria","ISLAM","menikah","TNI/POLRI","lingkungan1","Surat Keterangan Usaha"
"261","Selesai","2024-12-19 02:09:35","7173012907790002","BUDI SUSANTO","1979-07-29","pria","ISLAM","janda","BURUH/TANI","lingkungan3","Surat Keterangan Usaha"
"269","Selesai","2023-01-11 19:59:04","7173016908750002","SITI WIJAYA","1975-08-29","wanita","ISLAM","single","PEDAGANG","lingkungan2","Surat Keterangan Usaha"
"271","Ditolak","2024-05-30 04:02:42","7173010409810001","EKO WIJAYA","1981-09-04","pria","ISLAM","cerai","MHS/PELAJAR","lingkungan2","Surat Keterangan Usaha"
"279","Selesai","2024-12-02 23:04:23","7173016409840002","LINA NUGROHO","1984-09-24","wanita","ISLAM","janda","SWASTA","lingkungan3","Surat Keterangan Usaha"
"284","Selesai","2024-04-12 08:19:44","7173012402710001","YANTO HARTONO","1971-02-24","pria","ISLAM","janda","TNI/POLRI","lingkungan2","Surat Keterangan Usaha"
"290","Selesai","2024-01-01 18:58:38","7173017012970002","ANI WIJAYA","1997-12-30","wanita","ISLAM","single","BURUH/TANI","lingkungan2","Surat Keterangan Usaha"
"294","Selesai","2023-11-06 21:42:17","7173012705980001","DEDI SANTOSO","1998-05-27","pria","ISLAM","menikah","TNI/POLRI","lingkungan3","Surat Keterangan Usaha"
"298","Selesai","2023-07-08 16:39:56","7173014807690001","SITI NUGROHO","1969-07-07","wanita","ISLAM","menikah","BURUH/TANI","lingkungan2","Surat Keterangan Usaha"
"299","Ditolak","2023-10-11 08:27:46","7173011801950001","SLAMET SUSANTO","1995-01-17","pria","KRISTEN","janda","SWASTA","lingkungan2","Surat Keterangan Usaha"
"304","Ditolak","2025-07-10 00:30:17","7173016203940001","ANI PRASETYO","1994-03-22","wanita","ISLAM","single","SWASTA","lingkungan3","Surat Keterangan Usaha"
"311","Selesai","2024-05-27 00:29:42","7173012007970002","RUDI SUSANTO","1997-07-20","pria","ISLAM","single","PEDAGANG","lingkungan3","Surat Keterangan Usaha"
"323","Selesai","2023-09-04 00:26:04","7173012210640002","AGUS SETIAWAN","1964-10-22","pria","ISLAM","menikah","LAINNYA","lingkungan1","Surat Keterangan Usaha"
"326","Selesai","2023-09-25 07:20:36","7173010403670001","FAJAR WAHYUDI","1967-03-04","pria","ISLAM","single","MHS/PELAJAR","lingkungan3","Surat Keterangan Usaha"
"338","Selesai","2023-12-24 05:24:18","7173015203940001","ANI WAHYUDI","1994-03-11","wanita","ISLAM","cerai","BURUH/TANI","lingkungan3","Surat Keterangan Usaha"
"363","Selesai","2025-04-23 17:40:31","7173010101050002","FAJAR WIJAYA","2004-12-31","pria","ISLAM","single","SWASTA","lingkungan2","Surat Keterangan Usaha"
"378","Selesai","2024-11-02 10:52:26","7173012912700002","AGUS HARTONO","1970-12-28","pria","ISLAM","janda","LAINNYA","lingkungan3","Surat Keterangan Usaha"
"382","Ditolak","2023-01-02 20:23:05","7173011408980002","RAHMAT WIJAYA","1998-08-13","pria","ISLAM","single","LAINNYA","lingkungan3","Surat Keterangan Usaha"
"397","Ditolak","2024-11-28 13:16:44","7173015012980001","DEWI SUSANTO","1998-12-10","wanita","ISLAM","menikah","TNI/POLRI","lingkungan2","Surat Keterangan Usaha"
"402","Selesai","2023-03-22 12:31:39","7173012904680001","YANTO GUNAWAN","1968-04-29","pria","ISLAM","menikah","LAINNYA","lingkungan2","Surat Keterangan Usaha"
"414","Selesai","2024-06-02 16:29:20","7173012409730001","HERI WAHYUDI","1973-09-24","pria","ISLAM","janda","LAINNYA","lingkungan1","Surat Keterangan Usaha"
"426","Selesai","2024-03-01 03:54:13","7173015410970002","DEWI SETIAWAN","1997-10-14","wanita","ISLAM","cerai","SWASTA","lingkungan2","Surat Keterangan Usaha"
"438","Selesai","2025-06-12 17:21:29","7173016806990001","FITRI WIJAYA","1999-06-28","wanita","ISLAM","cerai","SWASTA","lingkungan3","Surat Keterangan Usaha"
"443","Selesai","2024-05-06 10:40:02","7173016708600002","WATI KUSUMO","1960-08-27","wanita","ISLAM","menikah","LAINNYA","lingkungan1","Surat Keterangan Usaha"
"448","Selesai","2023-11-16 03:23:24","7173014303930002","MAYA GUNAWAN","1993-03-03","wanita","HINDU","single","PEDAGANG","lingkungan2","Surat Keterangan Usaha"
"458","Selesai","2024-05-20 23:47:50","7173010301770001","AGUS KUSUMO","1977-01-02","pria","ISLAM","single","BURUH/TANI","lingkungan3","Surat Keterangan Usaha"
"467","Selesai","2024-08-20 07:58:42","7173011512650002","DEDI HARTONO","1965-12-14","pria","ISLAM","janda","MHS/PELAJAR","lingkungan3","Surat Keterangan Usaha"
"469","Ditolak","2023-08-31 10:20:20","7173010508700001","ADI NUGROHO","1970-08-04","pria","ISLAM","single","LAINNYA","lingkungan3","Surat Keterangan Usaha"
"473","Selesai","2023-10-02 01:25:09","7173013011680001","YANTO GUNAWAN","1968-11-29","pria","ISLAM","single","PNS","lingkungan1","Surat Keterangan Usaha"
"474","Selesai","2023-04-12 13:05:06","7173011904610001","EKO WAHYUDI","1961-04-18","pria","ISLAM","single","PNS","lingkungan2","Surat Keterangan Usaha"
"477","Selesai","2024-12-01 16:05:45","7173010206890002","YANTO SETIAWAN","1989-06-02","pria","ISLAM","single","SWASTA","lingkungan3","Surat Keterangan Usaha"
"478","Selesai","2024-03-18 06:51:28","7173015305990002","INDAH SETIAWAN","1999-05-13","wanita","ISLAM","janda","PEDAGANG","lingkungan2","Surat Keterangan Usaha"
"480","Ditolak","2023-03-23 16:59:35","7173014809960001","WATI PRASETYO","1996-09-08","wanita","ISLAM","janda","BURUH/TANI","lingkungan2","Surat Keterangan Usaha"
"1","Selesai","2024-08-07 03:06:54","7173011704010001","YANTO PRASETYO","2001-04-17","pria","HINDU","cerai","SWASTA","lingkungan3","Surat Keterangan Tidak Mampu"
"3","Selesai","2024-07-30 04:31:32","7173012903800002","DEDI KUSUMO","1980-03-29","pria","HINDU","cerai","PEDAGANG","lingkungan1","Surat Keterangan Tidak Mampu"
"10","Selesai","2023-06-06 17:16:54","7173015402710002","INDAH WAHYUDI","1971-02-14","wanita","ISLAM","single","PNS","lingkungan3","Surat Keterangan Tidak Mampu"
"13","Selesai","2024-10-05 16:14:43","7173014710710001","ANI PRASETYO","1971-10-06","wanita","ISLAM","menikah","LAINNYA","lingkungan3","Surat Keterangan Tidak Mampu"
"16","Selesai","2025-04-02 16:15:54","7173011707690002","SLAMET NUGROHO","1969-07-17","pria","ISLAM","single","SWASTA","lingkungan3","Surat Keterangan Tidak Mampu"
"22","Ditolak","2025-02-16 01:16:27","7173012007970002","RUDI SUSANTO","1997-07-20","pria","ISLAM","single","PEDAGANG","lingkungan3","Surat Keterangan Tidak Mampu"
"24","Ditolak","2024-04-28 10:26:04","7173010110770002","BUDI SUSANTO","1977-10-01","pria","ISLAM","cerai","BURUH/TANI","lingkungan2","Surat Keterangan Tidak Mampu"
"32","Selesai","2023-01-26 17:25:14","7173012908790002","SLAMET SANTOSO","1979-08-29","pria","ISLAM","menikah","MHS/PELAJAR","lingkungan2","Surat Keterangan Tidak Mampu"
"49","Selesai","2023-04-29 13:43:07","7173011410790002","RUDI WIJAYA","1979-10-14","pria","ISLAM","menikah","SWASTA","lingkungan3","Surat Keterangan Tidak Mampu"
"50","Selesai","2023-06-05 04:54:31","7173010804840002","JOKO GUNAWAN","1984-04-08","pria","ISLAM","single","BURUH/TANI","lingkungan2","Surat Keterangan Tidak Mampu"
"53","Selesai","2025-01-08 09:57:44","7173015305990002","INDAH SETIAWAN","1999-05-13","wanita","ISLAM","janda","PEDAGANG","lingkungan2","Surat Keterangan Tidak Mampu"
"61","Selesai","2023-02-15 21:07:14","7173014907950002","FITRI KUSUMO","1995-07-09","wanita","ISLAM","single","PEDAGANG","lingkungan1","Surat Keterangan Tidak Mampu"
"67","Selesai","2023-08-13 06:26:23","7173010301770001","AGUS KUSUMO","1977-01-02","pria","ISLAM","single","BURUH/TANI","lingkungan3","Surat Keterangan Tidak Mampu"
"68","Selesai","2025-06-15 09:42:06","7173011906820002","FAJAR WAHYUDI","1982-06-19","pria","BUDHA","single","MHS/PELAJAR","lingkungan2","Surat Keterangan Tidak Mampu"
"69","Selesai","2024-07-02 18:55:42","7173016503890002","WATI SETIAWAN","1989-03-25","wanita","ISLAM","cerai","BURUH/TANI","lingkungan3","Surat Keterangan Tidak Mampu"
"85","Selesai","2025-02-24 21:43:42","7173012412860001","RUDI KUSUMO","1986-12-23","pria","ISLAM","single","MHS/PELAJAR","lingkungan3","Surat Keterangan Tidak Mampu"
"92","Selesai","2025-05-31 12:55:29","7173010512710001","EKO GUNAWAN","1971-12-05","pria","ISLAM","janda","PNS","lingkungan3","Surat Keterangan Tidak Mampu"
"94","Selesai","2025-05-10 00:45:22","7173014111890001","MAYA HARTONO","1989-11-01","wanita","ISLAM","menikah","MHS/PELAJAR","lingkungan3","Surat Keterangan Tidak Mampu"
"101","Ditolak","2025-02-27 03:13:51","7173014701810002","FITRI WAHYUDI","1981-01-06","wanita","ISLAM","cerai","TNI/POLRI","lingkungan1","Surat Keterangan Tidak Mampu"
"108","Ditolak","2024-02-24 06:53:34","7173015501950001","YUNI WIJAYA","1995-01-15","wanita","ISLAM","janda","MHS/PELAJAR","lingkungan3","Surat Keterangan Tidak Mampu"
"109","Selesai","2023-06-17 04:16:00","7173012205920002","DEDI NUGROHO","1992-05-22","pria","ISLAM","cerai","PNS","lingkungan1","Surat Keterangan Tidak Mampu"
"116","Selesai","2023-03-18 21:57:04","7173010610620001","JOKO SETIAWAN","1962-10-06","pria","BUDHA","janda","BURUH/TANI","lingkungan2","Surat Keterangan Tidak Mampu"
"120","Selesai","2024-12-19 16:32:14","7173010504040001","EKO SUSANTO","2004-04-04","pria","ISLAM","cerai","PNS","lingkungan2","Surat Keterangan Tidak Mampu"
"124","Ditolak","2024-07-11 23:48:22","7173011905720002","DEDI PRASETYO","1972-05-18","pria","ISLAM","menikah","PEDAGANG","lingkungan2","Surat Keterangan Tidak Mampu"
"140","Selesai","2023-06-30 10:07:18","7173015106860001","RINA NUGROHO","1986-06-10","wanita","ISLAM","menikah","LAINNYA","lingkungan3","Surat Keterangan Tidak Mampu"
"152","Selesai","2024-05-30 13:23:39","7173015302800002","DEWI SANTOSO","1980-02-13","wanita","ISLAM","menikah","SWASTA","lingkungan1","Surat Keterangan Tidak Mampu"
"154","Selesai","2023-05-10 14:38:54","7173010308750002","YANTO PRASETYO","1975-08-03","pria","ISLAM","single","LAINNYA","lingkungan2","Surat Keterangan Tidak Mampu"
"160","Selesai","2023-09-24 19:35:45","7173011206680002","YANTO SETIAWAN","1968-06-12","pria","HINDU","cerai","PNS","lingkungan3","Surat Keterangan Tidak Mampu"
"161","Selesai","2023-04-03 20:52:45","7173016507830001","SRI SETIAWAN","1983-07-24","wanita","ISLAM","janda","PNS","lingkungan2","Surat Keterangan Tidak Mampu"
"162","Selesai","2024-07-12 04:58:35","7173015702680002","DEWI SANTOSO","1968-02-16","wanita","ISLAM","janda","LAINNYA","lingkungan1","Surat Keterangan Tidak Mampu"
"163","Ditolak","2025-06-09 01:25:03","7173012108050001","RAHMAT SANTOSO","2005-08-20","pria","ISLAM","menikah","SWASTA","lingkungan3","Surat Keterangan Tidak Mampu"
"168","Selesai","2023-07-21 15:14:12","7173015009820002","INDAH KUSUMO","1982-09-10","wanita","ISLAM","single","PEDAGANG","lingkungan3","Surat Keterangan Tidak Mampu"
"171","Ditolak","2023-05-17 18:17:28","7173011207990001","ADI SUSANTO","1999-07-12","pria","ISLAM","janda","MHS/PELAJAR","lingkungan1","Surat Keterangan Tidak Mampu"
"178","Selesai","2023-05-26 12:01:15","7173012602760002","SLAMET HARTONO","1976-02-26","pria","ISLAM","single","TNI/POLRI","lingkungan1","Surat Keterangan Tidak Mampu"
"179","Ditolak","2023-04-15 20:15:11","7173014503740001","INDAH GUNAWAN","1974-03-04","wanita","ISLAM","cerai","LAINNYA","lingkungan2","Surat Keterangan Tidak Mampu"
"188","Selesai","2023-06-16 09:48:59","7173011704010001","YANTO PRASETYO","2001-04-17","pria","HINDU","cerai","SWASTA","lingkungan3","Surat Keterangan Tidak Mampu"
"237","Selesai","2025-02-18 02:58:10","7173010403670001","FAJAR WAHYUDI","1967-03-04","pria","ISLAM","single","MHS/PELAJAR","lingkungan3","Surat Keterangan Tidak Mampu"
"242","Selesai","2024-10-16 11:47:36","7173016604850001","ANI NUGROHO","1985-04-26","wanita","ISLAM","janda","BURUH/TANI","lingkungan2","Surat Keterangan Tidak Mampu"
"253","Selesai","2024-09-29 22:22:51","7173012605600002","FAJAR WIJAYA","1960-05-26","pria","ISLAM","menikah","BURUH/TANI","lingkungan2","Surat Keterangan Tidak Mampu"
"264","Selesai","2024-04-14 16:53:10","7173012502860002","DEDI SETIAWAN","1986-02-25","pria","ISLAM","single","PNS","lingkungan2","Surat Keterangan Tidak Mampu"
"280","Ditolak","2023-12-12 09:31:36","7173010803760002","HERI KUSUMO","1976-03-07","pria","ISLAM","single","MHS/PELAJAR","lingkungan3","Surat Keterangan Tidak Mampu"
"287","Ditolak","2023-04-17 08:01:42","7173010505650001","JOKO SANTOSO","1965-05-04","pria","ISLAM","janda","MHS/PELAJAR","lingkungan1","Surat Keterangan Tidak Mampu"
"291","Selesai","2024-02-18 16:46:23","7173012509840002","YANTO PRASETYO","1984-09-25","pria","ISLAM","janda","BURUH/TANI","lingkungan3","Surat Keterangan Tidak Mampu"
"295","Selesai","2024-05-07 01:40:55","7173016407770002","LINA SANTOSO","1977-07-24","wanita","ISLAM","single","MHS/PELAJAR","lingkungan3","Surat Keterangan Tidak Mampu"
"305","Selesai","2024-10-08 09:16:09","7173010808800001","BUDI SANTOSO","1980-08-08","pria","ISLAM","menikah","TNI/POLRI","lingkungan1","Surat Keterangan Tidak Mampu"
"321","Ditolak","2023-04-23 03:27:10","7173016502690001","INDAH HARTONO","1969-02-25","wanita","ISLAM","cerai","PEDAGANG","lingkungan1","Surat Keterangan Tidak Mampu"
"325","Selesai","2024-11-23 03:36:31","7173012507010002","BUDI HARTONO","2001-07-24","pria","ISLAM","menikah","SWASTA","lingkungan1","Surat Keterangan Tidak Mampu"
"327","Selesai","2023-08-12 13:16:05","7173012711050001","YANTO WIJAYA","2005-11-27","pria","ISLAM","single","PEDAGANG","lingkungan2","Surat Keterangan Tidak Mampu"
"333","Selesai","2024-09-23 12:01:13","7173015306660002","SITI KUSUMO","1966-06-13","wanita","ISLAM","janda","PNS","lingkungan2","Surat Keterangan Tidak Mampu"
"337","Selesai","2023-08-30 18:21:03","7173016311800001","ANI KUSUMO","1980-11-22","wanita","ISLAM","cerai","PNS","lingkungan2","Surat Keterangan Tidak Mampu"
"356","Ditolak","2023-10-05 22:39:50","7173012706780002","ADI HARTONO","1978-06-27","pria","ISLAM","single","BURUH/TANI","lingkungan2","Surat Keterangan Tidak Mampu"
"361","Selesai","2024-07-19 13:08:21","7173016107930002","YUNI PRASETYO","1993-07-21","wanita","ISLAM","janda","SWASTA","lingkungan3","Surat Keterangan Tidak Mampu"
"379","Selesai","2024-09-08 13:50:18","7173011801030002","EKO SETIAWAN","2003-01-18","pria","ISLAM","single","SWASTA","lingkungan2","Surat Keterangan Tidak Mampu"
"399","Selesai","2023-09-08 19:41:58","7173010508910001","BUDI SUSANTO","1991-08-05","pria","ISLAM","janda","BURUH/TANI","lingkungan3","Surat Keterangan Tidak Mampu"
"404","Selesai","2023-12-29 12:47:21","7173015803670002","WATI HARTONO","1967-03-18","wanita","ISLAM","menikah","PEDAGANG","lingkungan3","Surat Keterangan Tidak Mampu"
"410","Selesai","2024-11-30 19:54:29","7173012409910001","DEDI SETIAWAN","1991-09-23","pria","ISLAM","menikah","SWASTA","lingkungan1","Surat Keterangan Tidak Mampu"
"417","Ditolak","2025-05-20 07:29:52","7173016112680002","MAYA NUGROHO","1968-12-20","wanita","ISLAM","janda","PEDAGANG","lingkungan1","Surat Keterangan Tidak Mampu"
"422","Selesai","2023-05-18 13:57:33","7173015806600002","LINA SETIAWAN","1960-06-18","wanita","ISLAM","single","MHS/PELAJAR","lingkungan3","Surat Keterangan Tidak Mampu"
"425","Ditolak","2024-11-07 00:54:09","7173014507660002","YUNI KUSUMO","1966-07-05","wanita","ISLAM","menikah","SWASTA","lingkungan1","Surat Keterangan Tidak Mampu"
"429","Selesai","2023-06-30 15:10:21","7173011508770001","RAHMAT GUNAWAN","1977-08-15","pria","ISLAM","single","SWASTA","lingkungan1","Surat Keterangan Tidak Mampu"
"430","Selesai","2023-03-08 09:10:54","7173015801630001","DEWI PRASETYO","1963-01-18","wanita","ISLAM","single","BURUH/TANI","lingkungan2","Surat Keterangan Tidak Mampu"
"445","Ditolak","2024-07-22 19:05:13","7173012907790002","BUDI SUSANTO","1979-07-29","pria","ISLAM","janda","BURUH/TANI","lingkungan3","Surat Keterangan Tidak Mampu"
"447","Selesai","2024-07-25 20:51:06","7173012904680001","YANTO GUNAWAN","1968-04-29","pria","ISLAM","menikah","LAINNYA","lingkungan2","Surat Keterangan Tidak Mampu"
"452","Selesai","2023-01-02 07:54:02","7173011906960002","JOKO SETIAWAN","1996-06-18","pria","ISLAM","cerai","MHS/PELAJAR","lingkungan3","Surat Keterangan Tidak Mampu"
"462","Selesai","2025-03-21 07:28:27","7173014505660001","WATI SUSANTO","1966-05-05","wanita","ISLAM","cerai","TNI/POLRI","lingkungan1","Surat Keterangan Tidak Mampu"
"466","Selesai","2024-07-11 11:10:03","7173014508730002","DEWI WAHYUDI","1973-08-05","wanita","ISLAM","single","TNI/POLRI","lingkungan3","Surat Keterangan Tidak Mampu"
"471","Selesai","2023-08-25 02:42:04","7173011012780001","FAJAR PRASETYO","1978-12-10","pria","ISLAM","cerai","LAINNYA","lingkungan3","Surat Keterangan Tidak Mampu"
"479","Selesai","2024-06-07 10:14:58","7173011104920002","SLAMET SETIAWAN","1992-04-11","pria","HINDU","single","SWASTA","lingkungan1","Surat Keterangan Tidak Mampu"
"485","Selesai","2023-10-09 01:44:15","7173011210950001","YANTO PRASETYO","1995-10-12","pria","ISLAM","menikah","MHS/PELAJAR","lingkungan1","Surat Keterangan Tidak Mampu"
"500","Selesai","2024-06-08 03:14:47","7173012507840001","AGUS SUSANTO","1984-07-24","pria","ISLAM","single","MHS/PELAJAR","lingkungan1","Surat Keterangan Tidak Mampu"
"502","Selesai","2025-07-24 19:30:51","7405082809040001","AZRIAL FAHRI FARHAN","2025-07-24","pria","ISLAM","single","MHS/PELAJAR","lingkungan1","Surat Keterangan Tidak Mampu"
"4","Ditolak","2023-05-08 05:09:47","7173015612970002","FITRI WIJAYA","1997-12-16","wanita","ISLAM","menikah","PEDAGANG","lingkungan3","Surat Keterangan Berkelakuan Baik"
"7","Selesai","2025-06-08 10:43:06","7173010203860001","BUDI SANTOSO","1986-03-02","pria","ISLAM","menikah","SWASTA","lingkungan1","Surat Keterangan Berkelakuan Baik"
"15","Selesai","2023-08-29 04:31:46","7173012004730001","FAJAR WIJAYA","1973-04-20","pria","ISLAM","menikah","PEDAGANG","lingkungan1","Surat Keterangan Berkelakuan Baik"
"18","Ditolak","2024-03-27 07:41:55","7173016409840002","LINA NUGROHO","1984-09-24","wanita","ISLAM","janda","SWASTA","lingkungan3","Surat Keterangan Berkelakuan Baik"
"21","Ditolak","2025-01-08 18:44:08","7173012811790001","SLAMET PRASETYO","1979-11-28","pria","ISLAM","single","BURUH/TANI","lingkungan3","Surat Keterangan Berkelakuan Baik"
"27","Selesai","2023-07-25 18:13:43","7173016410990002","SRI PRASETYO","1999-10-24","wanita","ISLAM","menikah","BURUH/TANI","lingkungan1","Surat Keterangan Berkelakuan Baik"
"28","Selesai","2023-02-10 21:51:00","7173015002850002","LINA WAHYUDI","1985-02-10","wanita","ISLAM","cerai","SWASTA","lingkungan3","Surat Keterangan Berkelakuan Baik"
"29","Selesai","2023-08-30 14:29:04","7173012707750002","ADI SANTOSO","1975-07-27","pria","ISLAM","menikah","BURUH/TANI","lingkungan1","Surat Keterangan Berkelakuan Baik"
"34","Selesai","2023-05-21 15:19:27","7173015011740001","WATI WIJAYA","1974-11-09","wanita","ISLAM","janda","TNI/POLRI","lingkungan3","Surat Keterangan Berkelakuan Baik"
"37","Selesai","2023-12-16 07:45:18","7173016411670001","SRI HARTONO","1967-11-24","wanita","ISLAM","menikah","SWASTA","lingkungan1","Surat Keterangan Berkelakuan Baik"
"51","Selesai","2024-12-15 07:46:09","7173016904650001","DEWI GUNAWAN","1965-04-28","wanita","ISLAM","single","SWASTA","lingkungan1","Surat Keterangan Berkelakuan Baik"
"55","Ditolak","2023-04-26 23:44:02","7173015304930002","SITI GUNAWAN","1993-04-13","wanita","ISLAM","janda","TNI/POLRI","lingkungan1","Surat Keterangan Berkelakuan Baik"
"70","Selesai","2023-09-26 00:10:42","7173012907790002","BUDI SUSANTO","1979-07-29","pria","ISLAM","janda","BURUH/TANI","lingkungan3","Surat Keterangan Berkelakuan Baik"
"74","Selesai","2023-06-18 20:56:05","7173012908930001","DEDI SUSANTO","1993-08-29","pria","ISLAM","janda","PNS","lingkungan2","Surat Keterangan Berkelakuan Baik"
"82","Selesai","2023-03-16 09:31:46","7173011702940001","HERI HARTONO","1994-02-17","pria","ISLAM","menikah","TNI/POLRI","lingkungan3","Surat Keterangan Berkelakuan Baik"
"84","Selesai","2023-04-08 13:43:26","7173015012980001","DEWI SUSANTO","1998-12-10","wanita","ISLAM","menikah","TNI/POLRI","lingkungan2","Surat Keterangan Berkelakuan Baik"
"87","Selesai","2023-01-10 13:05:12","7173012605680001","AGUS SANTOSO","1968-05-25","pria","ISLAM","menikah","LAINNYA","lingkungan2","Surat Keterangan Berkelakuan Baik"
"93","Ditolak","2023-02-16 22:48:20","7173014611900001","SITI SUSANTO","1990-11-06","wanita","ISLAM","cerai","PEDAGANG","lingkungan1","Surat Keterangan Berkelakuan Baik"
"99","Selesai","2023-02-18 16:29:39","7173010503650001","BUDI WAHYUDI","1965-03-04","pria","ISLAM","janda","MHS/PELAJAR","lingkungan1","Surat Keterangan Berkelakuan Baik"
"125","Selesai","2024-02-24 04:59:42","7173015405050002","FITRI WIJAYA","2005-05-14","wanita","ISLAM","single","SWASTA","lingkungan3","Surat Keterangan Berkelakuan Baik"
"135","Selesai","2023-10-06 14:51:20","7173010102770002","FAJAR WIJAYA","1977-02-01","pria","ISLAM","menikah","SWASTA","lingkungan1","Surat Keterangan Berkelakuan Baik"
"142","Ditolak","2025-05-16 13:08:39","7173010508910001","BUDI SUSANTO","1991-08-05","pria","ISLAM","janda","BURUH/TANI","lingkungan3","Surat Keterangan Berkelakuan Baik"
"151","Selesai","2023-04-25 12:03:30","7173012011630001","EKO KUSUMO","1963-11-19","pria","ISLAM","single","SWASTA","lingkungan2","Surat Keterangan Berkelakuan Baik"
"156","Selesai","2025-03-23 20:35:21","7173010604880002","EKO WIJAYA","1988-04-06","pria","ISLAM","single","BURUH/TANI","lingkungan1","Surat Keterangan Berkelakuan Baik"
"193","Ditolak","2025-01-19 09:22:31","7173014404790001","FITRI WAHYUDI","1979-04-04","wanita","ISLAM","menikah","PNS","lingkungan1","Surat Keterangan Berkelakuan Baik"
"209","Selesai","2023-12-04 02:38:08","7173010101870001","RUDI PRASETYO","1986-12-31","pria","ISLAM","single","PNS","lingkungan1","Surat Keterangan Berkelakuan Baik"
"211","Selesai","2023-03-05 00:05:35","7173010403960002","BUDI SUSANTO","1996-03-04","pria","ISLAM","janda","SWASTA","lingkungan2","Surat Keterangan Berkelakuan Baik"
"214","Ditolak","2023-08-24 10:44:10","7173016403990001","DINA WAHYUDI","1999-03-24","wanita","ISLAM","cerai","SWASTA","lingkungan3","Surat Keterangan Berkelakuan Baik"
"215","Ditolak","2023-09-27 19:23:54","7173017009950002","DINA PRASETYO","1995-09-30","wanita","ISLAM","cerai","PNS","lingkungan2","Surat Keterangan Berkelakuan Baik"
"232","Ditolak","2023-01-30 06:22:32","7173011402050002","RUDI SUSANTO","2005-02-13","pria","ISLAM","single","PNS","lingkungan2","Surat Keterangan Berkelakuan Baik"
"234","Selesai","2024-02-02 15:40:57","7173016607810001","SRI HARTONO","1981-07-25","wanita","ISLAM","cerai","LAINNYA","lingkungan2","Surat Keterangan Berkelakuan Baik"
"252","Ditolak","2023-05-07 16:11:42","7173012509840002","YANTO PRASETYO","1984-09-25","pria","ISLAM","janda","BURUH/TANI","lingkungan3","Surat Keterangan Berkelakuan Baik"
"256","Selesai","2023-05-02 04:17:36","7173015308600001","INDAH PRASETYO","1960-08-12","wanita","ISLAM","menikah","SWASTA","lingkungan2","Surat Keterangan Berkelakuan Baik"
"266","Ditolak","2024-07-19 02:38:54","7173015809780002","SITI PRASETYO","1978-09-17","wanita","ISLAM","single","MHS/PELAJAR","lingkungan2","Surat Keterangan Berkelakuan Baik"
"273","Selesai","2025-05-12 08:43:07","7173014402810001","DEWI PRASETYO","1981-02-04","wanita","ISLAM","single","MHS/PELAJAR","lingkungan3","Surat Keterangan Berkelakuan Baik"
"286","Ditolak","2023-10-28 01:09:09","7173017009870002","INDAH SANTOSO","1987-09-29","wanita","ISLAM","cerai","LAINNYA","lingkungan2","Surat Keterangan Berkelakuan Baik"
"288","Selesai","2024-07-06 07:34:52","7173016503630002","SITI WAHYUDI","1963-03-25","wanita","ISLAM","janda","PNS","lingkungan1","Surat Keterangan Berkelakuan Baik"
"300","Ditolak","2025-04-07 23:08:23","7173011406780001","JOKO PRASETYO","1978-06-13","pria","ISLAM","janda","TNI/POLRI","lingkungan1","Surat Keterangan Berkelakuan Baik"
"303","Selesai","2024-10-29 20:09:46","7173012909640001","HERI KUSUMO","1964-09-29","pria","ISLAM","single","SWASTA","lingkungan3","Surat Keterangan Berkelakuan Baik"
"307","Selesai","2025-02-18 11:57:30","7173011601740002","RAHMAT GUNAWAN","1974-01-16","pria","ISLAM","menikah","MHS/PELAJAR","lingkungan1","Surat Keterangan Berkelakuan Baik"
"336","Selesai","2024-04-03 16:14:04","7173016409840002","LINA NUGROHO","1984-09-24","wanita","ISLAM","janda","SWASTA","lingkungan3","Surat Keterangan Berkelakuan Baik"
"342","Selesai","2024-04-14 07:40:28","7173016708600002","WATI KUSUMO","1960-08-27","wanita","ISLAM","menikah","LAINNYA","lingkungan1","Surat Keterangan Berkelakuan Baik"
"351","Ditolak","2024-05-16 01:36:05","7173011006650002","RUDI WIJAYA","1965-06-09","pria","ISLAM","menikah","PNS","lingkungan2","Surat Keterangan Berkelakuan Baik"
"355","Selesai","2023-10-10 23:45:21","7173015002850002","LINA WAHYUDI","1985-02-10","wanita","ISLAM","cerai","SWASTA","lingkungan3","Surat Keterangan Berkelakuan Baik"
"357","Ditolak","2024-08-21 08:45:14","7173010901750002","AGUS NUGROHO","1975-01-08","pria","ISLAM","menikah","MHS/PELAJAR","lingkungan2","Surat Keterangan Berkelakuan Baik"
"368","Ditolak","2023-12-30 14:34:26","7173011706000001","BUDI SANTOSO","2000-06-17","pria","ISLAM","cerai","PEDAGANG","lingkungan2","Surat Keterangan Berkelakuan Baik"
"376","Selesai","2025-04-18 15:44:46","7173016012780001","LINA HARTONO","1978-12-20","wanita","ISLAM","cerai","PEDAGANG","lingkungan2","Surat Keterangan Berkelakuan Baik"
"385","Selesai","2023-09-21 23:56:23","7173011504820001","DEDI GUNAWAN","1982-04-15","pria","ISLAM","janda","TNI/POLRI","lingkungan3","Surat Keterangan Berkelakuan Baik"
"393","Ditolak","2023-12-07 21:50:50","7173012409730001","HERI WAHYUDI","1973-09-24","pria","ISLAM","janda","LAINNYA","lingkungan1","Surat Keterangan Berkelakuan Baik"
"400","Selesai","2025-03-27 07:57:36","7173015004600001","INDAH WIJAYA","1960-04-10","wanita","ISLAM","cerai","SWASTA","lingkungan1","Surat Keterangan Berkelakuan Baik"
"409","Ditolak","2023-08-16 00:39:23","7173012005800001","HERI HARTONO","1980-05-19","pria","ISLAM","menikah","MHS/PELAJAR","lingkungan3","Surat Keterangan Berkelakuan Baik"
"411","Selesai","2023-05-07 15:40:58","7173010110770002","BUDI SUSANTO","1977-10-01","pria","ISLAM","cerai","BURUH/TANI","lingkungan2","Surat Keterangan Berkelakuan Baik"
"421","Ditolak","2023-12-27 06:16:56","7173014703630001","FITRI SUSANTO","1963-03-07","wanita","HINDU","single","TNI/POLRI","lingkungan3","Surat Keterangan Berkelakuan Baik"
"427","Ditolak","2024-07-19 01:40:45","7173010704980001","JOKO HARTONO","1998-04-07","pria","ISLAM","menikah","TNI/POLRI","lingkungan1","Surat Keterangan Berkelakuan Baik"
"431","Selesai","2025-02-18 21:20:18","7173015808700001","ANI SUSANTO","1970-08-17","wanita","ISLAM","menikah","BURUH/TANI","lingkungan1","Surat Keterangan Berkelakuan Baik"
"442","Selesai","2023-09-12 09:53:19","7173010208950001","ADI WIJAYA","1995-08-01","pria","ISLAM","janda","BURUH/TANI","lingkungan3","Surat Keterangan Berkelakuan Baik"
"455","Selesai","2025-03-08 11:52:19","7173012409910001","DEDI SETIAWAN","1991-09-23","pria","ISLAM","menikah","SWASTA","lingkungan1","Surat Keterangan Berkelakuan Baik"
"459","Ditolak","2025-06-20 21:02:36","7173016410990001","RINA WIJAYA","1999-10-23","wanita","HINDU","cerai","BURUH/TANI","lingkungan1","Surat Keterangan Berkelakuan Baik"
"461","Ditolak","2025-05-01 06:36:38","7173011410790002","RUDI WIJAYA","1979-10-14","pria","ISLAM","menikah","SWASTA","lingkungan3","Surat Keterangan Berkelakuan Baik"
"465","Selesai","2025-01-31 17:08:29","7173012502980001","ADI SANTOSO","1998-02-24","pria","ISLAM","janda","MHS/PELAJAR","lingkungan1","Surat Keterangan Berkelakuan Baik"
"476","Ditolak","2024-12-03 15:51:23","7173012202840001","HERI SUSANTO","1984-02-22","pria","ISLAM","cerai","SWASTA","lingkungan2","Surat Keterangan Berkelakuan Baik"
"484","Ditolak","2025-06-03 20:56:44","7173016512020001","WATI KUSUMO","2002-12-25","wanita","ISLAM","single","MHS/PELAJAR","lingkungan2","Surat Keterangan Berkelakuan Baik"
"491","Selesai","2023-01-12 02:38:09","7173011702870001","HERI SANTOSO","1987-02-17","pria","ISLAM","janda","LAINNYA","lingkungan3","Surat Keterangan Berkelakuan Baik"
"498","Selesai","2024-07-08 18:23:24","7173010403930002","RAHMAT SUSANTO","1993-03-04","pria","ISLAM","menikah","SWASTA","lingkungan2","Surat Keterangan Berkelakuan Baik"
"499","Selesai","2024-12-01 04:22:38","7173010508770002","DEDI SANTOSO","1977-08-04","pria","ISLAM","menikah","MHS/PELAJAR","lingkungan1","Surat Keterangan Berkelakuan Baik"
"9","Selesai","2024-07-28 00:15:16","7173012711050001","YANTO WIJAYA","2005-11-27","pria","ISLAM","single","PEDAGANG","lingkungan2","Surat Keterangan Kematian"
"11","Selesai","2025-01-28 02:13:16","7173015106860001","RINA NUGROHO","1986-06-10","wanita","ISLAM","menikah","LAINNYA","lingkungan3","Surat Keterangan Kematian"
"42","Selesai","2023-03-05 22:35:23","7173016402860001","RINA GUNAWAN","1986-02-24","wanita","ISLAM","single","BURUH/TANI","lingkungan1","Surat Keterangan Kematian"
"43","Selesai","2024-07-18 02:45:25","7173011912750001","SLAMET WIJAYA","1975-12-19","pria","ISLAM","cerai","SWASTA","lingkungan1","Surat Keterangan Kematian"
"44","Selesai","2023-01-08 05:32:59","7173012010610001","RAHMAT NUGROHO","1961-10-20","pria","ISLAM","cerai","MHS/PELAJAR","lingkungan1","Surat Keterangan Kematian"
"56","Selesai","2023-09-07 18:18:52","7173010403930002","RAHMAT SUSANTO","1993-03-04","pria","ISLAM","menikah","SWASTA","lingkungan2","Surat Keterangan Kematian"
"60","Ditolak","2025-02-26 01:56:23","7173014604620002","RINA GUNAWAN","1962-04-06","wanita","ISLAM","menikah","TNI/POLRI","lingkungan2","Surat Keterangan Kematian"
"72","Selesai","2024-02-08 16:08:13","7173011109820002","AGUS NUGROHO","1982-09-11","pria","ISLAM","janda","BURUH/TANI","lingkungan3","Surat Keterangan Kematian"
"81","Selesai","2023-11-05 03:52:53","7173014807690001","SITI NUGROHO","1969-07-07","wanita","ISLAM","menikah","BURUH/TANI","lingkungan2","Surat Keterangan Kematian"
"95","Selesai","2023-03-30 12:03:20","7173016708600002","WATI KUSUMO","1960-08-27","wanita","ISLAM","menikah","LAINNYA","lingkungan1","Surat Keterangan Kematian"
"105","Ditolak","2025-07-05 07:35:47","7173011804820001","RUDI SETIAWAN","1982-04-18","pria","ISLAM","single","BURUH/TANI","lingkungan3","Surat Keterangan Kematian"
"106","Selesai","2025-06-01 18:24:26","7173012310850001","YANTO SANTOSO","1985-10-22","pria","ISLAM","janda","PNS","lingkungan2","Surat Keterangan Kematian"
"115","Selesai","2024-07-15 11:10:43","7173012211670002","HERI SANTOSO","1967-11-22","pria","ISLAM","janda","SWASTA","lingkungan1","Surat Keterangan Kematian"
"121","Ditolak","2023-11-27 20:00:39","7173014204020001","INDAH NUGROHO","2002-04-01","wanita","ISLAM","single","LAINNYA","lingkungan1","Surat Keterangan Kematian"
"126","Selesai","2023-09-22 19:04:12","7173012606030001","EKO SANTOSO","2003-06-25","pria","KRISTEN","menikah","SWASTA","lingkungan3","Surat Keterangan Kematian"
"128","Selesai","2023-04-21 15:18:50","7173015004050001","SRI NUGROHO","2005-04-10","wanita","ISLAM","menikah","SWASTA","lingkungan3","Surat Keterangan Kematian"
"133","Ditolak","2023-10-12 19:30:59","7173015803030001","LINA KUSUMO","2003-03-18","wanita","ISLAM","cerai","PNS","lingkungan2","Surat Keterangan Kematian"
"139","Selesai","2023-07-09 08:26:31","7173016908750002","SITI WIJAYA","1975-08-29","wanita","ISLAM","single","PEDAGANG","lingkungan2","Surat Keterangan Kematian"
"146","Selesai","2025-03-25 19:44:31","7173011908600001","HERI KUSUMO","1960-08-19","pria","HINDU","cerai","LAINNYA","lingkungan2","Surat Keterangan Kematian"
"147","Selesai","2025-06-03 00:50:06","7173010401670001","AGUS KUSUMO","1967-01-04","pria","ISLAM","menikah","LAINNYA","lingkungan3","Surat Keterangan Kematian"
"158","Ditolak","2023-07-07 13:11:08","7173016303810001","WATI SETIAWAN","1981-03-22","wanita","ISLAM","janda","BURUH/TANI","lingkungan1","Surat Keterangan Kematian"
"172","Ditolak","2025-06-20 10:07:57","7173016303810001","WATI SETIAWAN","1981-03-22","wanita","ISLAM","janda","BURUH/TANI","lingkungan1","Surat Keterangan Kematian"
"173","Ditolak","2024-01-19 23:34:27","7173016209620001","FITRI KUSUMO","1962-09-22","wanita","ISLAM","menikah","PEDAGANG","lingkungan2","Surat Keterangan Kematian"
"180","Selesai","2024-07-31 01:14:54","7173010110770002","BUDI SUSANTO","1977-10-01","pria","ISLAM","cerai","BURUH/TANI","lingkungan2","Surat Keterangan Kematian"
"182","Ditolak","2023-06-07 00:25:36","7173014712970001","DINA SANTOSO","1997-12-07","wanita","ISLAM","single","BURUH/TANI","lingkungan2","Surat Keterangan Kematian"
"200","Ditolak","2025-01-05 06:07:04","7173012907790002","BUDI SUSANTO","1979-07-29","pria","ISLAM","janda","BURUH/TANI","lingkungan3","Surat Keterangan Kematian"
"202","Selesai","2023-11-04 15:54:03","7173015709960001","DEWI HARTONO","1996-09-17","wanita","ISLAM","menikah","LAINNYA","lingkungan1","Surat Keterangan Kematian"
"210","Ditolak","2025-06-24 10:24:36","7173011604900001","YANTO SANTOSO","1990-04-16","pria","ISLAM","single","BURUH/TANI","lingkungan2","Surat Keterangan Kematian"
"220","Selesai","2023-10-03 16:40:29","7173014803670001","SITI WIJAYA","1967-03-08","wanita","ISLAM","cerai","TNI/POLRI","lingkungan2","Surat Keterangan Kematian"
"230","Selesai","2023-09-19 17:37:27","7173015704630002","WATI HARTONO","1963-04-16","wanita","ISLAM","menikah","LAINNYA","lingkungan3","Surat Keterangan Kematian"
"238","Selesai","2024-10-30 10:43:34","7173014509990001","RINA SETIAWAN","1999-09-04","wanita","ISLAM","single","MHS/PELAJAR","lingkungan1","Surat Keterangan Kematian"
"241","Ditolak","2024-10-12 18:20:12","7173012909910002","RAHMAT NUGROHO","1991-09-28","pria","ISLAM","cerai","LAINNYA","lingkungan3","Surat Keterangan Kematian"
"267","Selesai","2023-01-24 18:22:16","7173016306840001","ANI SANTOSO","1984-06-23","wanita","ISLAM","single","SWASTA","lingkungan3","Surat Keterangan Kematian"
"268","Ditolak","2024-09-24 08:14:27","7173010811850001","HERI SANTOSO","1985-11-07","pria","ISLAM","menikah","BURUH/TANI","lingkungan2","Surat Keterangan Kematian"
"281","Selesai","2023-11-17 12:59:23","7173011203850002","SLAMET HARTONO","1985-03-12","pria","ISLAM","menikah","BURUH/TANI","lingkungan1","Surat Keterangan Kematian"
"283","Ditolak","2023-03-28 22:24:00","7173012412860001","RUDI KUSUMO","1986-12-23","pria","ISLAM","single","MHS/PELAJAR","lingkungan3","Surat Keterangan Kematian"
"316","Ditolak","2024-12-12 08:32:59","7173011502840001","DEDI SETIAWAN","1984-02-15","pria","ISLAM","janda","PNS","lingkungan2","Surat Keterangan Kematian"
"320","Ditolak","2023-12-01 22:28:51","7173014507660002","YUNI KUSUMO","1966-07-05","wanita","ISLAM","menikah","SWASTA","lingkungan1","Surat Keterangan Kematian"
"334","Selesai","2024-06-21 00:37:09","7173012006840002","YANTO SUSANTO","1984-06-20","pria","ISLAM","single","TNI/POLRI","lingkungan3","Surat Keterangan Kematian"
"335","Selesai","2025-03-11 03:58:14","7173016311600002","RINA PRASETYO","1960-11-22","wanita","ISLAM","single","MHS/PELAJAR","lingkungan3","Surat Keterangan Kematian"
"354","Selesai","2024-05-01 12:13:02","7173010806050002","JOKO KUSUMO","2005-06-07","pria","ISLAM","menikah","TNI/POLRI","lingkungan1","Surat Keterangan Kematian"
"360","Selesai","2024-03-29 04:18:15","7173015404700002","RINA SETIAWAN","1970-04-14","wanita","ISLAM","single","LAINNYA","lingkungan3","Surat Keterangan Kematian"
"364","Selesai","2024-01-21 00:25:47","7173015012980001","DEWI SUSANTO","1998-12-10","wanita","ISLAM","menikah","TNI/POLRI","lingkungan2","Surat Keterangan Kematian"
"386","Ditolak","2025-02-27 19:25:53","7173015402710002","INDAH WAHYUDI","1971-02-14","wanita","ISLAM","single","PNS","lingkungan3","Surat Keterangan Kematian"
"390","Ditolak","2024-09-16 12:17:29","7173011302770002","YANTO PRASETYO","1977-02-12","pria","ISLAM","janda","SWASTA","lingkungan2","Surat Keterangan Kematian"
"391","Selesai","2023-10-06 06:44:42","7173016309700001","WATI WAHYUDI","1970-09-22","wanita","ISLAM","janda","SWASTA","lingkungan1","Surat Keterangan Kematian"
"398","Selesai","2025-04-10 14:30:59","7173010208950001","ADI WIJAYA","1995-08-01","pria","ISLAM","janda","BURUH/TANI","lingkungan3","Surat Keterangan Kematian"
"413","Selesai","2023-09-24 06:15:43","7173012409990001","RAHMAT SUSANTO","1999-09-24","pria","ISLAM","cerai","PNS","lingkungan3","Surat Keterangan Kematian"
"420","Ditolak","2024-04-30 00:13:34","7173017012970002","ANI WIJAYA","1997-12-30","wanita","ISLAM","single","BURUH/TANI","lingkungan2","Surat Keterangan Kematian"
"434","Selesai","2023-07-21 20:49:10","7173016010660002","DEWI PRASETYO","1966-10-20","wanita","ISLAM","cerai","TNI/POLRI","lingkungan2","Surat Keterangan Kematian"
"437","Ditolak","2025-06-28 22:10:46","7173010906680002","DEDI WAHYUDI","1968-06-08","pria","ISLAM","janda","SWASTA","lingkungan1","Surat Keterangan Kematian"
"444","Selesai","2023-08-12 04:53:40","7173010703770002","SLAMET SUSANTO","1977-03-07","pria","ISLAM","single","SWASTA","lingkungan1","Surat Keterangan Kematian"
"457","Selesai","2024-04-17 18:30:25","7173016806010002","FITRI WIJAYA","2001-06-28","wanita","ISLAM","menikah","MHS/PELAJAR","lingkungan2","Surat Keterangan Kematian"
"490","Selesai","2024-07-01 01:09:56","7173012402710001","YANTO HARTONO","1971-02-24","pria","ISLAM","janda","TNI/POLRI","lingkungan2","Surat Keterangan Kematian"
"494","Selesai","2025-04-21 03:17:51","7173012402710001","YANTO HARTONO","1971-02-24","pria","ISLAM","janda","TNI/POLRI","lingkungan2","Surat Keterangan Kematian"
"19","Ditolak","2024-08-05 18:09:09","7173012502860002","DEDI SETIAWAN","1986-02-25","pria","ISLAM","single","PNS","lingkungan2","Surat Keterangan Ahli Waris"
"31","Ditolak","2025-07-03 20:16:28","7173015306660002","SITI KUSUMO","1966-06-13","wanita","ISLAM","janda","PNS","lingkungan2","Surat Keterangan Ahli Waris"
"46","Selesai","2023-03-19 11:24:07","7173014302790002","FITRI WIJAYA","1979-02-03","wanita","BUDHA","menikah","PNS","lingkungan2","Surat Keterangan Ahli Waris"
"77","Selesai","2023-01-21 15:29:49","7173013103810001","RAHMAT HARTONO","1981-03-31","pria","ISLAM","janda","LAINNYA","lingkungan2","Surat Keterangan Ahli Waris"
"79","Selesai","2023-04-24 14:59:50","7173015406950001","FITRI GUNAWAN","1995-06-14","wanita","ISLAM","menikah","PEDAGANG","lingkungan1","Surat Keterangan Ahli Waris"
"96","Selesai","2024-05-08 04:26:03","7173011112660002","ADI WIJAYA","1966-12-10","pria","ISLAM","janda","PEDAGANG","lingkungan2","Surat Keterangan Ahli Waris"
"107","Selesai","2024-03-31 08:48:38","7173016606750002","INDAH GUNAWAN","1975-06-26","wanita","ISLAM","single","LAINNYA","lingkungan3","Surat Keterangan Ahli Waris"
"119","Selesai","2023-12-29 00:20:40","7173016801900002","DEWI HARTONO","1990-01-28","wanita","ISLAM","menikah","PNS","lingkungan3","Surat Keterangan Ahli Waris"
"127","Selesai","2025-03-01 04:50:56","7173012107850002","SLAMET KUSUMO","1985-07-21","pria","ISLAM","menikah","PNS","lingkungan3","Surat Keterangan Ahli Waris"
"131","Selesai","2024-11-09 01:05:15","7173011410790002","RUDI WIJAYA","1979-10-14","pria","ISLAM","menikah","SWASTA","lingkungan3","Surat Keterangan Ahli Waris"
"138","Selesai","2023-08-25 13:44:36","7173010901750002","AGUS NUGROHO","1975-01-08","pria","ISLAM","menikah","MHS/PELAJAR","lingkungan2","Surat Keterangan Ahli Waris"
"149","Ditolak","2024-11-02 19:34:14","7173016410990001","RINA WIJAYA","1999-10-23","wanita","HINDU","cerai","BURUH/TANI","lingkungan1","Surat Keterangan Ahli Waris"
"174","Selesai","2024-02-10 02:09:57","7173012010610001","BUDI HARTONO","1961-10-19","pria","ISLAM","menikah","MHS/PELAJAR","lingkungan2","Surat Keterangan Ahli Waris"
"177","Selesai","2024-10-05 00:19:22","7173011304780002","HERI GUNAWAN","1978-04-12","pria","ISLAM","cerai","MHS/PELAJAR","lingkungan3","Surat Keterangan Ahli Waris"
"185","Selesai","2025-01-29 17:04:49","7173014712970001","DINA SANTOSO","1997-12-07","wanita","ISLAM","single","BURUH/TANI","lingkungan2","Surat Keterangan Ahli Waris"
"186","Selesai","2023-09-01 19:55:31","7173012904680001","YANTO GUNAWAN","1968-04-29","pria","ISLAM","menikah","LAINNYA","lingkungan2","Surat Keterangan Ahli Waris"
"190","Ditolak","2024-06-11 21:50:27","7173010304720002","FAJAR HARTONO","1972-04-03","pria","HINDU","single","SWASTA","lingkungan2","Surat Keterangan Ahli Waris"
"191","Selesai","2024-08-12 21:11:02","7173012409730001","HERI WAHYUDI","1973-09-24","pria","ISLAM","janda","LAINNYA","lingkungan1","Surat Keterangan Ahli Waris"
"194","Selesai","2023-04-12 18:32:22","7173015212020002","MAYA WAHYUDI","2002-12-12","wanita","ISLAM","janda","MHS/PELAJAR","lingkungan2","Surat Keterangan Ahli Waris"
"196","Selesai","2023-06-15 02:46:24","7173016407770002","LINA SANTOSO","1977-07-24","wanita","ISLAM","single","MHS/PELAJAR","lingkungan3","Surat Keterangan Ahli Waris"
"205","Selesai","2024-07-18 00:00:05","7173012603860001","HERI GUNAWAN","1986-03-26","pria","ISLAM","janda","BURUH/TANI","lingkungan1","Surat Keterangan Ahli Waris"
"222","Selesai","2025-05-08 19:17:19","7173010101750001","SLAMET WAHYUDI","1975-01-01","pria","ISLAM","single","LAINNYA","lingkungan1","Surat Keterangan Ahli Waris"
"223","Selesai","2023-05-28 06:46:30","7173016410990001","RINA WIJAYA","1999-10-23","wanita","HINDU","cerai","BURUH/TANI","lingkungan1","Surat Keterangan Ahli Waris"
"225","Selesai","2024-03-09 17:25:15","7173012711050001","YANTO WIJAYA","2005-11-27","pria","ISLAM","single","PEDAGANG","lingkungan2","Surat Keterangan Ahli Waris"
"244","Selesai","2025-05-14 10:33:32","7173012004730001","FAJAR WIJAYA","1973-04-20","pria","ISLAM","menikah","PEDAGANG","lingkungan1","Surat Keterangan Ahli Waris"
"250","Selesai","2023-12-06 18:26:51","7173010403960002","BUDI SUSANTO","1996-03-04","pria","ISLAM","janda","SWASTA","lingkungan2","Surat Keterangan Ahli Waris"
"251","Selesai","2024-04-28 10:31:03","7173011009840001","DEDI GUNAWAN","1984-09-10","pria","ISLAM","janda","LAINNYA","lingkungan1","Surat Keterangan Ahli Waris"
"258","Ditolak","2023-08-26 17:34:22","7173012104000002","SLAMET WAHYUDI","2000-04-20","pria","ISLAM","single","PEDAGANG","lingkungan2","Surat Keterangan Ahli Waris"
"262","Selesai","2025-01-18 17:10:21","7173010508700001","AGUS HARTONO","1970-08-05","pria","ISLAM","menikah","SWASTA","lingkungan2","Surat Keterangan Ahli Waris"
"275","Ditolak","2023-01-05 00:27:20","7173016101620002","MAYA SUSANTO","1962-01-20","wanita","ISLAM","janda","PEDAGANG","lingkungan1","Surat Keterangan Ahli Waris"
"277","Ditolak","2024-02-15 18:46:32","7173012711050001","YANTO WIJAYA","2005-11-27","pria","ISLAM","single","PEDAGANG","lingkungan2","Surat Keterangan Ahli Waris"
"278","Selesai","2025-04-27 08:53:24","7173014803670001","SITI WIJAYA","1967-03-08","wanita","ISLAM","cerai","TNI/POLRI","lingkungan2","Surat Keterangan Ahli Waris"
"297","Selesai","2023-03-12 20:35:40","7173012303010002","BUDI NUGROHO","2001-03-23","pria","ISLAM","single","SWASTA","lingkungan2","Surat Keterangan Ahli Waris"
"309","Selesai","2024-12-02 13:11:53","7173012509840002","YANTO PRASETYO","1984-09-25","pria","ISLAM","janda","BURUH/TANI","lingkungan3","Surat Keterangan Ahli Waris"
"310","Selesai","2024-02-03 21:14:44","7173012202840001","HERI SUSANTO","1984-02-22","pria","ISLAM","cerai","SWASTA","lingkungan2","Surat Keterangan Ahli Waris"
"317","Selesai","2025-01-18 19:19:54","7173016507830001","SRI SETIAWAN","1983-07-24","wanita","ISLAM","janda","PNS","lingkungan2","Surat Keterangan Ahli Waris"
"322","Selesai","2025-02-01 06:37:06","7173010512710001","EKO GUNAWAN","1971-12-05","pria","ISLAM","janda","PNS","lingkungan3","Surat Keterangan Ahli Waris"
"343","Selesai","2023-07-22 23:13:06","7173012811790001","SLAMET PRASETYO","1979-11-28","pria","ISLAM","single","BURUH/TANI","lingkungan3","Surat Keterangan Ahli Waris"
"345","Selesai","2023-09-15 06:06:14","7173010101870001","RUDI PRASETYO","1986-12-31","pria","ISLAM","single","PNS","lingkungan1","Surat Keterangan Ahli Waris"
"347","Ditolak","2023-08-25 17:00:06","7173012209780001","SLAMET SUSANTO","1978-09-22","pria","ISLAM","cerai","PEDAGANG","lingkungan1","Surat Keterangan Ahli Waris"
"359","Selesai","2023-05-15 17:50:59","7173015712900002","FITRI WAHYUDI","1990-12-17","wanita","ISLAM","single","PEDAGANG","lingkungan2","Surat Keterangan Ahli Waris"
"370","Selesai","2023-10-16 00:03:31","7173011906820002","FAJAR WAHYUDI","1982-06-19","pria","BUDHA","single","MHS/PELAJAR","lingkungan2","Surat Keterangan Ahli Waris"
"371","Selesai","2024-07-27 14:41:58","7173015707980001","FITRI HARTONO","1998-07-17","wanita","ISLAM","menikah","LAINNYA","lingkungan1","Surat Keterangan Ahli Waris"
"372","Ditolak","2025-05-22 19:36:53","7173010507870002","BUDI WIJAYA","1987-07-05","pria","ISLAM","janda","LAINNYA","lingkungan3","Surat Keterangan Ahli Waris"
"373","Selesai","2023-11-05 19:46:32","7173010308750002","YANTO PRASETYO","1975-08-03","pria","ISLAM","single","LAINNYA","lingkungan2","Surat Keterangan Ahli Waris"
"384","Ditolak","2025-01-20 08:54:10","7173010208950001","ADI WIJAYA","1995-08-01","pria","ISLAM","janda","BURUH/TANI","lingkungan3","Surat Keterangan Ahli Waris"
"407","Selesai","2023-04-16 05:26:49","7173011412650001","RUDI HARTONO","1965-12-14","pria","ISLAM","cerai","MHS/PELAJAR","lingkungan3","Surat Keterangan Ahli Waris"
"412","Ditolak","2024-10-24 20:48:34","7173012108050001","RAHMAT SANTOSO","2005-08-20","pria","ISLAM","menikah","SWASTA","lingkungan3","Surat Keterangan Ahli Waris"
"415","Selesai","2024-03-25 09:13:14","7173014706830002","ANI NUGROHO","1983-06-06","wanita","ISLAM","janda","BURUH/TANI","lingkungan1","Surat Keterangan Ahli Waris"
"424","Selesai","2025-05-04 08:33:38","7173012701000002","HERI GUNAWAN","2000-01-27","pria","ISLAM","cerai","TNI/POLRI","lingkungan3","Surat Keterangan Ahli Waris"
"433","Selesai","2025-05-14 12:08:51","7173010406930002","EKO SUSANTO","1993-06-04","pria","ISLAM","menikah","PEDAGANG","lingkungan1","Surat Keterangan Ahli Waris"
"435","Ditolak","2023-10-13 00:24:41","7173011904610001","EKO WAHYUDI","1961-04-18","pria","ISLAM","single","PNS","lingkungan2","Surat Keterangan Ahli Waris"
"436","Selesai","2023-08-10 21:07:02","7173011011050002","RUDI SETIAWAN","2005-11-09","pria","KATOLIK","menikah","PEDAGANG","lingkungan3","Surat Keterangan Ahli Waris"
"440","Selesai","2025-06-09 19:54:01","7173014503740001","INDAH GUNAWAN","1974-03-04","wanita","ISLAM","cerai","LAINNYA","lingkungan2","Surat Keterangan Ahli Waris"
"449","Selesai","2024-08-19 15:23:37","7173015308600001","INDAH PRASETYO","1960-08-12","wanita","ISLAM","menikah","SWASTA","lingkungan2","Surat Keterangan Ahli Waris"
"450","Selesai","2025-03-26 14:19:15","7173011801030002","EKO SETIAWAN","2003-01-18","pria","ISLAM","single","SWASTA","lingkungan2","Surat Keterangan Ahli Waris"
"463","Ditolak","2023-04-09 09:57:54","7173012711050001","YANTO WIJAYA","2005-11-27","pria","ISLAM","single","PEDAGANG","lingkungan2","Surat Keterangan Ahli Waris"
"468","Selesai","2023-01-24 20:23:34","7173017103680001","WATI WIJAYA","1968-03-30","wanita","ISLAM","menikah","BURUH/TANI","lingkungan1","Surat Keterangan Ahli Waris"
"472","Selesai","2023-05-25 17:04:47","7173010701610001","SLAMET WIJAYA","1961-01-07","pria","ISLAM","single","PEDAGANG","lingkungan1","Surat Keterangan Ahli Waris"
"492","Selesai","2023-09-13 20:33:42","7173012712870002","YANTO KUSUMO","1987-12-26","pria","ISLAM","cerai","BURUH/TANI","lingkungan1","Surat Keterangan Ahli Waris"
"493","Selesai","2024-07-10 23:47:53","7173011408980002","RAHMAT WIJAYA","1998-08-13","pria","ISLAM","single","LAINNYA","lingkungan3","Surat Keterangan Ahli Waris"
"496","Ditolak","2025-01-21 09:52:06","7173015912660002","DEWI SUSANTO","1966-12-19","wanita","ISLAM","janda","SWASTA","lingkungan1","Surat Keterangan Ahli Waris"
"6","Selesai","2023-01-16 21:14:26","7173016808810001","FITRI SANTOSO","1981-08-27","wanita","ISLAM","cerai","PNS","lingkungan1","Surat Keterangan Riwayat Tanah"
"23","Selesai","2023-05-11 14:32:50","7173017009950002","DINA PRASETYO","1995-09-30","wanita","ISLAM","cerai","PNS","lingkungan2","Surat Keterangan Riwayat Tanah"
"25","Selesai","2024-09-22 04:48:20","7173010804840002","JOKO GUNAWAN","1984-04-08","pria","ISLAM","single","BURUH/TANI","lingkungan2","Surat Keterangan Riwayat Tanah"
"26","Ditolak","2023-03-25 04:09:01","7173011705670002","RUDI NUGROHO","1967-05-17","pria","ISLAM","menikah","PNS","lingkungan3","Surat Keterangan Riwayat Tanah"
"39","Selesai","2023-08-27 16:26:00","7173017107030001","LINA PRASETYO","2003-07-30","wanita","ISLAM","menikah","TNI/POLRI","lingkungan1","Surat Keterangan Riwayat Tanah"
"45","Selesai","2023-10-20 14:06:55","7173010203860001","BUDI SANTOSO","1986-03-02","pria","ISLAM","menikah","SWASTA","lingkungan1","Surat Keterangan Riwayat Tanah"
"48","Selesai","2024-09-07 15:27:59","7173016403990001","DINA WAHYUDI","1999-03-24","wanita","ISLAM","cerai","SWASTA","lingkungan3","Surat Keterangan Riwayat Tanah"
"52","Ditolak","2024-09-10 15:04:10","7173016010660002","DEWI PRASETYO","1966-10-20","wanita","ISLAM","cerai","TNI/POLRI","lingkungan2","Surat Keterangan Riwayat Tanah"
"59","Selesai","2023-11-09 09:20:43","7173010610620001","JOKO SETIAWAN","1962-10-06","pria","BUDHA","janda","BURUH/TANI","lingkungan2","Surat Keterangan Riwayat Tanah"
"75","Ditolak","2024-06-25 12:03:03","7173014305720001","DEWI PRASETYO","1972-05-03","wanita","ISLAM","single","BURUH/TANI","lingkungan1","Surat Keterangan Riwayat Tanah"
"78","Selesai","2023-07-05 15:17:14","7173014102870002","MAYA PRASETYO","1987-01-31","wanita","ISLAM","single","PNS","lingkungan1","Surat Keterangan Riwayat Tanah"
"83","Selesai","2025-02-20 21:03:06","7173014711770001","ANI PRASETYO","1977-11-07","wanita","ISLAM","janda","BURUH/TANI","lingkungan2","Surat Keterangan Riwayat Tanah"
"103","Selesai","2024-01-16 00:17:21","7173012903800002","DEDI KUSUMO","1980-03-29","pria","HINDU","cerai","PEDAGANG","lingkungan1","Surat Keterangan Riwayat Tanah"
"113","Selesai","2024-05-20 13:41:48","7173010509030001","RUDI SANTOSO","2003-09-05","pria","ISLAM","menikah","TNI/POLRI","lingkungan3","Surat Keterangan Riwayat Tanah"
"117","Selesai","2024-07-25 10:36:27","7173015205900002","DINA KUSUMO","1990-05-12","wanita","ISLAM","single","SWASTA","lingkungan1","Surat Keterangan Riwayat Tanah"
"123","Selesai","2023-03-10 19:19:00","7173012712870002","YANTO KUSUMO","1987-12-26","pria","ISLAM","cerai","BURUH/TANI","lingkungan1","Surat Keterangan Riwayat Tanah"
"130","Ditolak","2024-09-05 10:14:33","7173016710850001","DEWI PRASETYO","1985-10-26","wanita","ISLAM","janda","PNS","lingkungan1","Surat Keterangan Riwayat Tanah"
"136","Selesai","2025-06-24 05:03:40","7173015106860001","RINA NUGROHO","1986-06-10","wanita","ISLAM","menikah","LAINNYA","lingkungan3","Surat Keterangan Riwayat Tanah"
"143","Ditolak","2023-08-05 12:02:20","7173015007930002","LINA HARTONO","1993-07-10","wanita","ISLAM","janda","PEDAGANG","lingkungan2","Surat Keterangan Riwayat Tanah"
"169","Ditolak","2023-04-23 22:51:47","7173010403670001","FAJAR WAHYUDI","1967-03-04","pria","ISLAM","single","MHS/PELAJAR","lingkungan3","Surat Keterangan Riwayat Tanah"
"170","Ditolak","2024-08-29 10:06:58","7173012007970002","RUDI SUSANTO","1997-07-20","pria","ISLAM","single","PEDAGANG","lingkungan3","Surat Keterangan Riwayat Tanah"
"176","Selesai","2024-07-28 16:18:40","7173012007030002","RAHMAT SANTOSO","2003-07-20","pria","ISLAM","cerai","TNI/POLRI","lingkungan2","Surat Keterangan Riwayat Tanah"
"184","Selesai","2024-07-09 03:44:17","7173014809960001","WATI PRASETYO","1996-09-08","wanita","ISLAM","janda","BURUH/TANI","lingkungan2","Surat Keterangan Riwayat Tanah"
"187","Selesai","2025-03-18 09:02:45","7173011705930001","ADI HARTONO","1993-05-17","pria","ISLAM","single","TNI/POLRI","lingkungan3","Surat Keterangan Riwayat Tanah"
"189","Selesai","2023-07-31 06:31:20","7173016008950001","DINA SETIAWAN","1995-08-19","wanita","ISLAM","cerai","SWASTA","lingkungan3","Surat Keterangan Riwayat Tanah"
"192","Selesai","2023-09-27 04:35:27","7173015904050002","DINA SANTOSO","2005-04-18","wanita","ISLAM","menikah","BURUH/TANI","lingkungan2","Surat Keterangan Riwayat Tanah"
"195","Selesai","2023-09-20 04:24:57","7173015411930002","FITRI SUSANTO","1993-11-14","wanita","ISLAM","menikah","MHS/PELAJAR","lingkungan2","Surat Keterangan Riwayat Tanah"
"197","Selesai","2023-07-08 05:07:48","7173016410990002","SRI PRASETYO","1999-10-24","wanita","ISLAM","menikah","BURUH/TANI","lingkungan1","Surat Keterangan Riwayat Tanah"
"201","Selesai","2023-11-29 03:43:08","7173010808800001","BUDI SANTOSO","1980-08-08","pria","ISLAM","menikah","TNI/POLRI","lingkungan1","Surat Keterangan Riwayat Tanah"
"216","Selesai","2024-12-10 19:50:47","7173013108710001","EKO WAHYUDI","1971-08-31","pria","ISLAM","single","TNI/POLRI","lingkungan1","Surat Keterangan Riwayat Tanah"
"217","Ditolak","2025-04-10 19:21:46","7173013011680001","YANTO GUNAWAN","1968-11-29","pria","ISLAM","single","PNS","lingkungan1","Surat Keterangan Riwayat Tanah"
"229","Selesai","2024-04-06 16:09:45","7173016211880002","YUNI NUGROHO","1988-11-22","wanita","ISLAM","janda","MHS/PELAJAR","lingkungan3","Surat Keterangan Riwayat Tanah"
"236","Selesai","2025-06-22 17:13:26","7173016906890002","DEWI SETIAWAN","1989-06-29","wanita","ISLAM","janda","MHS/PELAJAR","lingkungan2","Surat Keterangan Riwayat Tanah"
"239","Ditolak","2023-12-15 07:47:19","7173012812710002","JOKO WAHYUDI","1971-12-27","pria","ISLAM","single","TNI/POLRI","lingkungan3","Surat Keterangan Riwayat Tanah"
"240","Ditolak","2024-12-06 02:32:37","7173011111950002","RAHMAT HARTONO","1995-11-11","pria","ISLAM","cerai","MHS/PELAJAR","lingkungan2","Surat Keterangan Riwayat Tanah"
"249","Ditolak","2024-02-08 18:07:26","7173016311800001","ANI KUSUMO","1980-11-22","wanita","ISLAM","cerai","PNS","lingkungan2","Surat Keterangan Riwayat Tanah"
"255","Selesai","2024-06-24 07:21:07","7173010308750002","YANTO PRASETYO","1975-08-03","pria","ISLAM","single","LAINNYA","lingkungan2","Surat Keterangan Riwayat Tanah"
"257","Ditolak","2024-10-21 17:43:15","7173014608970002","ANI WIJAYA","1997-08-05","wanita","ISLAM","menikah","SWASTA","lingkungan3","Surat Keterangan Riwayat Tanah"
"259","Selesai","2024-10-18 19:42:27","7173012305700002","YANTO HARTONO","1970-05-22","pria","ISLAM","cerai","BURUH/TANI","lingkungan2","Surat Keterangan Riwayat Tanah"
"260","Selesai","2024-09-11 05:46:18","7173010403670001","FAJAR WAHYUDI","1967-03-04","pria","ISLAM","single","MHS/PELAJAR","lingkungan3","Surat Keterangan Riwayat Tanah"
"272","Selesai","2025-06-09 07:58:39","7173011801950001","SLAMET SUSANTO","1995-01-17","pria","KRISTEN","janda","SWASTA","lingkungan2","Surat Keterangan Riwayat Tanah"
"289","Selesai","2024-09-06 23:57:31","7173010311810001","RUDI WIJAYA","1981-11-03","pria","KATOLIK","janda","MHS/PELAJAR","lingkungan2","Surat Keterangan Riwayat Tanah"
"293","Ditolak","2025-07-04 05:21:15","7173010303020001","ADI KUSUMO","2002-03-03","pria","ISLAM","menikah","SWASTA","lingkungan3","Surat Keterangan Riwayat Tanah"
"296","Selesai","2024-06-08 02:56:51","7173017103680001","WATI WIJAYA","1968-03-30","wanita","ISLAM","menikah","BURUH/TANI","lingkungan1","Surat Keterangan Riwayat Tanah"
"302","Selesai","2023-09-03 16:20:55","7173012909640001","HERI KUSUMO","1964-09-29","pria","ISLAM","single","SWASTA","lingkungan3","Surat Keterangan Riwayat Tanah"
"312","Ditolak","2023-12-28 03:23:26","7173014711770001","ANI PRASETYO","1977-11-07","wanita","ISLAM","janda","BURUH/TANI","lingkungan2","Surat Keterangan Riwayat Tanah"
"324","Ditolak","2023-02-27 18:53:00","7173012912640002","JOKO SETIAWAN","1964-12-29","pria","KATOLIK","menikah","MHS/PELAJAR","lingkungan1","Surat Keterangan Riwayat Tanah"
"329","Ditolak","2024-06-13 00:47:54","7173011210840002","RUDI WIJAYA","1984-10-12","pria","ISLAM","cerai","TNI/POLRI","lingkungan3","Surat Keterangan Riwayat Tanah"
"330","Ditolak","2024-02-11 02:22:48","7173011304780002","HERI GUNAWAN","1978-04-12","pria","ISLAM","cerai","MHS/PELAJAR","lingkungan3","Surat Keterangan Riwayat Tanah"
"331","Selesai","2024-09-08 23:04:22","7173014804750001","DINA PRASETYO","1975-04-08","wanita","BUDHA","menikah","TNI/POLRI","lingkungan2","Surat Keterangan Riwayat Tanah"
"332","Ditolak","2023-08-16 23:13:11","7173016904650001","DEWI GUNAWAN","1965-04-28","wanita","ISLAM","single","SWASTA","lingkungan1","Surat Keterangan Riwayat Tanah"
"340","Ditolak","2025-04-12 00:25:47","7173012203690001","ADI KUSUMO","1969-03-21","pria","ISLAM","janda","PEDAGANG","lingkungan2","Surat Keterangan Riwayat Tanah"
"346","Ditolak","2023-09-03 02:17:46","7173012610750002","JOKO GUNAWAN","1975-10-26","pria","ISLAM","cerai","PEDAGANG","lingkungan3","Surat Keterangan Riwayat Tanah"
"349","Ditolak","2024-05-13 07:56:19","7173012908970001","RUDI WIJAYA","1997-08-29","pria","ISLAM","janda","TNI/POLRI","lingkungan3","Surat Keterangan Riwayat Tanah"
"350","Selesai","2024-09-09 19:11:08","7173016111710001","DEWI PRASETYO","1971-11-21","wanita","ISLAM","menikah","SWASTA","lingkungan3","Surat Keterangan Riwayat Tanah"
"358","Ditolak","2024-11-19 07:09:10","7173012611820001","FAJAR NUGROHO","1982-11-26","pria","ISLAM","janda","BURUH/TANI","lingkungan1","Surat Keterangan Riwayat Tanah"
"362","Ditolak","2024-12-18 08:43:59","7173012502980001","ADI SANTOSO","1998-02-24","pria","ISLAM","janda","MHS/PELAJAR","lingkungan1","Surat Keterangan Riwayat Tanah"
"366","Selesai","2023-04-24 19:29:08","7173011808600001","JOKO SANTOSO","1960-08-18","pria","ISLAM","single","PEDAGANG","lingkungan3","Surat Keterangan Riwayat Tanah"
"367","Ditolak","2024-05-07 20:54:58","7173016208850002","LINA SUSANTO","1985-08-22","wanita","ISLAM","single","LAINNYA","lingkungan3","Surat Keterangan Riwayat Tanah"
"392","Selesai","2023-12-01 02:01:21","7173014508730002","DEWI WAHYUDI","1973-08-05","wanita","ISLAM","single","TNI/POLRI","lingkungan3","Surat Keterangan Riwayat Tanah"
"394","Selesai","2023-04-16 22:08:06","7173010507600001","BUDI HARTONO","1960-07-05","pria","ISLAM","menikah","TNI/POLRI","lingkungan1","Surat Keterangan Riwayat Tanah"
"401","Selesai","2024-06-24 05:14:23","7173012409990001","RAHMAT SUSANTO","1999-09-24","pria","ISLAM","cerai","PNS","lingkungan3","Surat Keterangan Riwayat Tanah"
"408","Selesai","2025-04-23 19:22:48","7173012207840001","BUDI PRASETYO","1984-07-22","pria","ISLAM","janda","TNI/POLRI","lingkungan2","Surat Keterangan Riwayat Tanah"
"416","Selesai","2025-03-20 10:51:22","7173012507010002","BUDI HARTONO","2001-07-24","pria","ISLAM","menikah","SWASTA","lingkungan1","Surat Keterangan Riwayat Tanah"
"451","Selesai","2025-05-03 18:13:35","7173011502840001","DEDI SETIAWAN","1984-02-15","pria","ISLAM","janda","PNS","lingkungan2","Surat Keterangan Riwayat Tanah"
"454","Selesai","2024-08-05 14:47:23","7173010110770002","BUDI SUSANTO","1977-10-01","pria","ISLAM","cerai","BURUH/TANI","lingkungan2","Surat Keterangan Riwayat Tanah"
"456","Selesai","2023-07-26 20:50:56","7173016806010002","FITRI WIJAYA","2001-06-28","wanita","ISLAM","menikah","MHS/PELAJAR","lingkungan2","Surat Keterangan Riwayat Tanah"
"464","Ditolak","2023-04-20 22:54:45","7173014208860002","LINA GUNAWAN","1986-08-02","wanita","ISLAM","menikah","TNI/POLRI","lingkungan3","Surat Keterangan Riwayat Tanah"
"470","Selesai","2024-05-04 12:47:56","7173016205720002","YUNI SUSANTO","1972-05-21","wanita","ISLAM","janda","LAINNYA","lingkungan3","Surat Keterangan Riwayat Tanah"
"481","Ditolak","2023-01-15 04:05:39","7173015411930002","FITRI SUSANTO","1993-11-14","wanita","ISLAM","menikah","MHS/PELAJAR","lingkungan2","Surat Keterangan Riwayat Tanah"
"486","Selesai","2023-07-24 08:57:43","7173010101750001","SLAMET WAHYUDI","1975-01-01","pria","ISLAM","single","LAINNYA","lingkungan1","Surat Keterangan Riwayat Tanah"
"489","Ditolak","2023-03-08 20:51:42","7173011203850002","SLAMET HARTONO","1985-03-12","pria","ISLAM","menikah","BURUH/TANI","lingkungan1","Surat Keterangan Riwayat Tanah"
"495","Selesai","2023-06-12 19:44:54","7173010110770002","BUDI SUSANTO","1977-10-01","pria","ISLAM","cerai","BURUH/TANI","lingkungan2","Surat Keterangan Riwayat Tanah"
"5","Selesai","2024-11-30 05:42:49","7173010812800002","RUDI KUSUMO","1980-12-08","pria","ISLAM","cerai","SWASTA","lingkungan1","Surat Pengantar Umum"
"30","Selesai","2023-10-17 04:14:14","7173012507840001","AGUS SUSANTO","1984-07-24","pria","ISLAM","single","MHS/PELAJAR","lingkungan1","Surat Pengantar Umum"
"38","Selesai","2025-01-02 01:55:48","7173014204910002","YUNI PRASETYO","1991-04-01","wanita","ISLAM","menikah","SWASTA","lingkungan3","Surat Pengantar Umum"
"40","Selesai","2025-05-11 05:26:44","7173012405600002","BUDI WIJAYA","1960-05-24","pria","ISLAM","menikah","MHS/PELAJAR","lingkungan1","Surat Pengantar Umum"
"41","Ditolak","2025-02-23 09:56:39","7173016306840001","ANI SANTOSO","1984-06-23","wanita","ISLAM","single","SWASTA","lingkungan3","Surat Pengantar Umum"
"57","Selesai","2024-04-12 11:26:08","7173012502860002","DEDI SETIAWAN","1986-02-25","pria","ISLAM","single","PNS","lingkungan2","Surat Pengantar Umum"
"65","Selesai","2024-12-18 15:54:33","7173011911940002","FAJAR WAHYUDI","1994-11-19","pria","ISLAM","menikah","BURUH/TANI","lingkungan2","Surat Pengantar Umum"
"66","Selesai","2025-05-23 10:45:32","7173012912970002","RUDI SANTOSO","1997-12-28","pria","ISLAM","cerai","BURUH/TANI","lingkungan3","Surat Pengantar Umum"
"71","Ditolak","2023-01-17 14:00:43","7173015511900001","ANI PRASETYO","1990-11-15","wanita","ISLAM","single","PEDAGANG","lingkungan2","Surat Pengantar Umum"
"89","Ditolak","2023-09-03 03:42:43","7173014712970001","DINA SANTOSO","1997-12-07","wanita","ISLAM","single","BURUH/TANI","lingkungan2","Surat Pengantar Umum"
"90","Ditolak","2023-09-10 18:41:26","7173011704010001","YANTO PRASETYO","2001-04-17","pria","HINDU","cerai","SWASTA","lingkungan3","Surat Pengantar Umum"
"104","Selesai","2023-11-09 22:17:40","7173012505790002","YANTO NUGROHO","1979-05-25","pria","ISLAM","single","LAINNYA","lingkungan2","Surat Pengantar Umum"
"111","Selesai","2024-06-02 20:02:57","7173010406710001","RUDI PRASETYO","1971-06-04","pria","ISLAM","cerai","MHS/PELAJAR","lingkungan2","Surat Pengantar Umum"
"112","Ditolak","2024-07-05 02:48:32","7173016409620001","DEWI GUNAWAN","1962-09-24","wanita","ISLAM","menikah","PNS","lingkungan3","Surat Pengantar Umum"
"114","Selesai","2024-02-27 09:10:17","7173010607010001","YANTO SETIAWAN","2001-07-05","pria","ISLAM","menikah","MHS/PELAJAR","lingkungan1","Surat Pengantar Umum"
"118","Selesai","2024-04-28 08:29:44","7173016311600002","RINA PRASETYO","1960-11-22","wanita","ISLAM","single","MHS/PELAJAR","lingkungan3","Surat Pengantar Umum"
"137","Selesai","2025-03-07 09:53:15","7173015803670002","WATI HARTONO","1967-03-18","wanita","ISLAM","menikah","PEDAGANG","lingkungan3","Surat Pengantar Umum"
"141","Selesai","2023-05-01 14:47:14","7173012912970002","RUDI SANTOSO","1997-12-28","pria","ISLAM","cerai","BURUH/TANI","lingkungan3","Surat Pengantar Umum"
"144","Selesai","2023-09-20 03:50:40","7173016606750002","INDAH GUNAWAN","1975-06-26","wanita","ISLAM","single","LAINNYA","lingkungan3","Surat Pengantar Umum"
"145","Ditolak","2025-06-09 01:15:36","7173010704680002","BUDI KUSUMO","1968-04-06","pria","ISLAM","menikah","MHS/PELAJAR","lingkungan1","Surat Pengantar Umum"
"148","Selesai","2023-06-04 08:38:35","7173011905720002","DEDI PRASETYO","1972-05-18","pria","ISLAM","menikah","PEDAGANG","lingkungan2","Surat Pengantar Umum"
"153","Selesai","2024-07-23 20:07:25","7173010410660001","SLAMET NUGROHO","1966-10-03","pria","ISLAM","janda","MHS/PELAJAR","lingkungan1","Surat Pengantar Umum"
"159","Selesai","2024-05-28 06:44:40","7173010110770002","BUDI SUSANTO","1977-10-01","pria","ISLAM","cerai","BURUH/TANI","lingkungan2","Surat Pengantar Umum"
"167","Selesai","2024-07-25 07:20:31","7173012610750002","JOKO GUNAWAN","1975-10-26","pria","ISLAM","cerai","PEDAGANG","lingkungan3","Surat Pengantar Umum"
"181","Selesai","2025-03-22 22:37:31","7173015308600001","INDAH PRASETYO","1960-08-12","wanita","ISLAM","menikah","SWASTA","lingkungan2","Surat Pengantar Umum"
"204","Selesai","2024-10-04 01:42:32","7173012502980001","ADI SANTOSO","1998-02-24","pria","ISLAM","janda","MHS/PELAJAR","lingkungan1","Surat Pengantar Umum"
"208","Selesai","2023-02-18 02:40:44","7173015801630001","DEWI PRASETYO","1963-01-18","wanita","ISLAM","single","BURUH/TANI","lingkungan2","Surat Pengantar Umum"
"218","Selesai","2024-12-27 16:40:33","7173015807940001","WATI WAHYUDI","1994-07-18","wanita","ISLAM","janda","MHS/PELAJAR","lingkungan3","Surat Pengantar Umum"
"224","Ditolak","2025-02-08 10:19:15","7173014204020001","INDAH NUGROHO","2002-04-01","wanita","ISLAM","single","LAINNYA","lingkungan1","Surat Pengantar Umum"
"226","Selesai","2023-04-17 00:04:09","7173010403670001","FAJAR WAHYUDI","1967-03-04","pria","ISLAM","single","MHS/PELAJAR","lingkungan3","Surat Pengantar Umum"
"243","Ditolak","2023-04-26 03:58:39","7173011911850002","SLAMET SANTOSO","1985-11-19","pria","ISLAM","janda","PEDAGANG","lingkungan1","Surat Pengantar Umum"
"245","Ditolak","2024-06-16 09:54:20","7173016912940001","ANI SANTOSO","1994-12-28","wanita","ISLAM","cerai","SWASTA","lingkungan3","Surat Pengantar Umum"
"246","Selesai","2024-08-24 11:52:19","7173010401890001","DEDI GUNAWAN","1989-01-04","pria","ISLAM","single","BURUH/TANI","lingkungan3","Surat Pengantar Umum"
"247","Selesai","2023-06-09 02:13:38","7173014111890001","MAYA HARTONO","1989-11-01","wanita","ISLAM","menikah","MHS/PELAJAR","lingkungan3","Surat Pengantar Umum"
"248","Selesai","2024-07-29 02:07:28","7173015702680002","DEWI SANTOSO","1968-02-16","wanita","ISLAM","janda","LAINNYA","lingkungan1","Surat Pengantar Umum"
"254","Ditolak","2023-09-06 18:10:40","7173014905890002","WATI SUSANTO","1989-05-08","wanita","ISLAM","janda","LAINNYA","lingkungan3","Surat Pengantar Umum"
"263","Selesai","2024-06-30 12:52:39","7173013006050002","YANTO WAHYUDI","2005-06-30","pria","ISLAM","janda","LAINNYA","lingkungan2","Surat Pengantar Umum"
"270","Selesai","2023-04-12 11:10:46","7173012602910002","ADI GUNAWAN","1991-02-25","pria","KRISTEN","single","PNS","lingkungan2","Surat Pengantar Umum"
"274","Selesai","2024-08-31 05:49:04","7173012501900001","SLAMET NUGROHO","1990-01-24","pria","HINDU","menikah","SWASTA","lingkungan1","Surat Pengantar Umum"
"276","Selesai","2025-02-08 09:00:57","7173011604900001","YANTO SANTOSO","1990-04-16","pria","ISLAM","single","BURUH/TANI","lingkungan2","Surat Pengantar Umum"
"285","Selesai","2025-05-24 07:55:30","7173010403670001","FAJAR WAHYUDI","1967-03-04","pria","ISLAM","single","MHS/PELAJAR","lingkungan3","Surat Pengantar Umum"
"292","Selesai","2023-04-22 09:27:30","7173010910790001","JOKO SANTOSO","1979-10-09","pria","ISLAM","menikah","BURUH/TANI","lingkungan1","Surat Pengantar Umum"
"308","Ditolak","2024-10-16 21:59:45","7173012108050001","RAHMAT SANTOSO","2005-08-20","pria","ISLAM","menikah","SWASTA","lingkungan3","Surat Pengantar Umum"
"328","Selesai","2025-03-24 05:54:32","7173015807940001","WATI WAHYUDI","1994-07-18","wanita","ISLAM","janda","MHS/PELAJAR","lingkungan3","Surat Pengantar Umum"
"339","Selesai","2023-04-28 05:21:38","7173016112680002","MAYA NUGROHO","1968-12-20","wanita","ISLAM","janda","PEDAGANG","lingkungan1","Surat Pengantar Umum"
"374","Selesai","2023-12-29 05:18:24","7173014506730002","YUNI NUGROHO","1973-06-05","wanita","ISLAM","single","BURUH/TANI","lingkungan3","Surat Pengantar Umum"
"383","Selesai","2023-05-03 11:56:23","7173016901990001","DEWI WAHYUDI","1999-01-28","wanita","ISLAM","janda","MHS/PELAJAR","lingkungan2","Surat Pengantar Umum"
"387","Selesai","2024-12-03 03:14:18","7173012904680001","YANTO GUNAWAN","1968-04-29","pria","ISLAM","menikah","LAINNYA","lingkungan2","Surat Pengantar Umum"
"388","Ditolak","2023-02-26 16:43:31","7173016503890002","WATI SETIAWAN","1989-03-25","wanita","ISLAM","cerai","BURUH/TANI","lingkungan3","Surat Pengantar Umum"
"395","Selesai","2025-03-06 01:14:29","7173012207840001","BUDI PRASETYO","1984-07-22","pria","ISLAM","janda","TNI/POLRI","lingkungan2","Surat Pengantar Umum"
"405","Selesai","2023-06-26 19:09:31","7173012409910001","DEDI SETIAWAN","1991-09-23","pria","ISLAM","menikah","SWASTA","lingkungan1","Surat Pengantar Umum"
"406","Ditolak","2024-12-09 08:45:15","7173014801700002","ANI WIJAYA","1970-01-08","wanita","ISLAM","janda","SWASTA","lingkungan3","Surat Pengantar Umum"
"439","Selesai","2023-07-11 20:50:50","7173011408980002","RAHMAT WIJAYA","1998-08-13","pria","ISLAM","single","LAINNYA","lingkungan3","Surat Pengantar Umum"
"453","Ditolak","2023-03-26 10:57:15","7173011203850002","SLAMET HARTONO","1985-03-12","pria","ISLAM","menikah","BURUH/TANI","lingkungan1","Surat Pengantar Umum"
"460","Selesai","2024-06-03 19:51:47","7173012603860001","HERI GUNAWAN","1986-03-26","pria","ISLAM","janda","BURUH/TANI","lingkungan1","Surat Pengantar Umum"
"475","Ditolak","2024-06-20 21:28:42","7173011911920002","BUDI KUSUMO","1992-11-19","pria","ISLAM","menikah","PEDAGANG","lingkungan3","Surat Pengantar Umum"
"483","Selesai","2025-02-07 12:57:54","7173012110870001","BUDI WAHYUDI","1987-10-21","pria","ISLAM","menikah","LAINNYA","lingkungan3","Surat Pengantar Umum"
"497","Selesai","2024-11-22 18:52:43","7173014107720002","LINA PRASETYO","1972-07-01","wanita","ISLAM","janda","BURUH/TANI","lingkungan3","Surat Pengantar Umum"
